country,country_slug,heading,added_percent,rate_text,status,description
Afghanistan,afghanistan,9903.02.02,15,The duty provided in the applicable subheading + 15%,"ended 2026-02-20 (IEEPA tariffs terminated, Executive Order 14389)","Except for goods loaded onto a vessel at the port of loading and in transit on the final mode of transit before 12:01 a.m. eastern daylight time on August 7, 2025, and entered for consumption or withdrawn from warehouse for consumption before 12:01 a.m. eastern daylight time on October 5, 2025, except for products described in headings 9903.01.30-9903.01.33 and 9903.02.78, and except as provided for in headings 9903.01.34 and 9903.02.01, articles the product of Afghanistan, as provided for in subdivision (v) of U.S. note 2 to this subchapter"
Algeria,algeria,9903.01.59,30,The duty provided in the applicable subheading + 30%,"ended 2026-02-20 (IEEPA tariffs terminated, Executive Order 14389)","Except for goods loaded onto a vessel at the port of loading and in transit on the final mode of transit before 12:01 a.m. eastern daylight time on April 9, 2025, except for products described in headings 9903.01.28-9903.01.33, and except as provided for in heading 9903.01.34, articles the product of Algeria, Nauru, or South Africa, as provided for in subdivision (v) of U.S. note 2 to this subchapter [Compiler's note: provision terminated. See 90 Fed. Reg. 37963.]"
Algeria,algeria,9903.02.03,30,The duty provided in the applicable subheading + 30%,"ended 2026-02-20 (IEEPA tariffs terminated, Executive Order 14389)","Except for goods loaded onto a vessel at the port of loading and in transit on the final mode of transit before 12:01 a.m. eastern daylight time on August 7, 2025, and entered for consumption or withdrawn from warehouse for consumption before 12:01 a.m. eastern daylight time on October 5, 2025, except for products described in headings 9903.01.30-9903.01.33 and 9903.02.78, and except as provided for in headings 9903.01.34 and 9903.02.01, articles the product of Algeria, as provided for in subdivision (v) of U.S. note 2 to this subchapter"
Algeria,algeria,9903.05.20,12.5,The duty provided in the applicable subheading + 12.5%,in force,"Except for products described in headings 9903.05.85–9903.05.92, articles the product of Algeria, as provided for in U.S. note 52 to this subchapter"
Angola,angola,9903.01.61,32,The duty provided in the applicable subheading + 32%,"ended 2026-02-20 (IEEPA tariffs terminated, Executive Order 14389)","Except for goods loaded onto a vessel at the port of loading and in transit on the final mode of transit before 12:01 a.m. eastern daylight time on April 9, 2025, except for products described in headings 9903.01.28-9903.01.33, and except as provided for in heading 9903.01.34, articles the product of Angola, Fiji, Indonesia, or Taiwan, as provided for in subdivision (v) of U.S. note 2 to this subchapter [Compiler's note: provision terminated. See 90 Fed. Reg. 37963.]"
Angola,angola,9903.02.04,15,The duty provided in the applicable subheading + 15%,"ended 2026-02-20 (IEEPA tariffs terminated, Executive Order 14389)","Except for goods loaded onto a vessel at the port of loading and in transit on the final mode of transit before 12:01 a.m. eastern daylight time on August 7, 2025, and entered for consumption or withdrawn from warehouse for consumption before 12:01 a.m. eastern daylight time on October 5, 2025, except for products described in headings 9903.01.30-9903.01.33 and 9903.02.78, and except as provided for in headings 9903.01.34 and 9903.02.01, articles the product of Angola, as provided for in subdivision (v) of U.S. note 2 to this subchapter"
Angola,angola,9903.05.21,12.5,The duty provided in the applicable subheading + 12.5%,in force,"Except for products described in headings 9903.05.85–9903.05.92, articles the product of Angola, as provided for in U.S. note 52 to this subchapter"
Argentina,argentina,9903.05.22,10,The duty provided in the applicable subheading + 10%,in force,"Except for products described in headings 9903.05.85–9903.05.92 and 9903.06.10–9903.06.11, articles the product of Argentina, as provided for in U.S. note 52 to this subchapter"
Argentina,argentina,9903.06.10,,The duty provided in the applicable subheading,in force,"Articles the product of Argentina, as provided for in subdivision (j)(8)(i) of U.S. note 52 to this subchapter"
Argentina,argentina,9903.06.11,,The duty provided in the applicable subheading,in force,"Articles the product of Argentina, as provided for in subdivision (j)(8)(ii) of U.S. note 52 to this subchapter"
Argentina,argentina,9903.82.22,,15%,in force,"Derivative steel articles the product of Argentina, Ecuador, El Salvador, Guatemala, Japan, the Republic of Korea, Liechtenstein, Switzerland, Taiwan, the United Kingdom, or a member nation of the European Union, as provided for in subdivision (c)(xi) of U.S. note 16 to this subchapter"
Australia,australia,9903.05.23,12.5,The duty provided in the applicable subheading + 12.5%,in force,"Except for products described in headings 9903.05.85–9903.05.92, articles the product of Australia, as provided for in U.S. note 52 to this subchapter"
Bahamas,bahamas,9903.05.24,12.5,The duty provided in the applicable subheading + 12.5%,in force,"Except for products described in headings 9903.05.85–9903.05.92, articles the product of the Bahamas, as provided for in U.S. note 52 to this subchapter"
Bahrain,bahrain,9903.05.25,12.5,The duty provided in the applicable subheading + 12.5%,in force,"Except for products described in headings 9903.05.85–9903.05.92, articles the product of Bahrain, as provided for in U.S. note 52 to this subchapter"
Bangladesh,bangladesh,9903.01.66,37,The duty provided in the applicable subheading + 37%,"ended 2026-02-20 (IEEPA tariffs terminated, Executive Order 14389)","Except for goods loaded onto a vessel at the port of loading and in transit on the final mode of transit before 12:01 a.m. eastern daylight time on April 9, 2025, except for products described in headings 9903.01.28-9903.01.33, and except as provided for in heading 9903.01.34, articles the product of Bangladesh, Botswana, Liechtenstein, or Serbia, as provided for in subdivision (v) of U.S. note 2 to this subchapter [Compiler's note: provision terminated. See 90 Fed. Reg. 37963.]"
Bangladesh,bangladesh,9903.02.05,20,The duty provided in the applicable subheading + 20%,"ended 2026-02-20 (IEEPA tariffs terminated, Executive Order 14389)","Except for goods loaded onto a vessel at the port of loading and in transit on the final mode of transit before 12:01 a.m. eastern daylight time on August 7, 2025, and entered for consumption or withdrawn from warehouse for consumption before 12:01 a.m. eastern daylight time on October 5, 2025, except for products described in headings 9903.01.30-9903.01.33 and 9903.02.78, and except as provided for in headings 9903.01.34 and 9903.02.01, articles the product of Bangladesh, as provided for in subdivision (v) of U.S. note 2 to this subchapter"
Bangladesh,bangladesh,9903.05.26,10,The duty provided in the applicable subheading + 10%,in force,"Except for products described in headings 9903.05.85–9903.05.92 and 9903.06.12–9903.06.13, articles the product of Bangladesh, as provided for in U.S. note 52 to this subchapter"
Bangladesh,bangladesh,9903.06.12,,The duty provided in the applicable subheading,in force,"Articles the product of Bangladesh, as provided for in subdivision (j)(9)(i) of U.S. note 52 to this subchapter"
Bangladesh,bangladesh,9903.06.13,,The duty provided in the applicable subheading,in force,"Articles the product of Bangladesh, as provided for in subdivision (j)(9)(ii) of U.S. note 52 to this subchapter"
Bolivia,bolivia,9903.02.06,15,The duty provided in the applicable subheading + 15%,"ended 2026-02-20 (IEEPA tariffs terminated, Executive Order 14389)","Except for goods loaded onto a vessel at the port of loading and in transit on the final mode of transit before 12:01 a.m. eastern daylight time on August 7, 2025, and entered for consumption or withdrawn from warehouse for consumption before 12:01 a.m. eastern daylight time on October 5, 2025, except for products described in headings 9903.01.30-9903.01.33 and 9903.02.78, and except as provided for in headings 9903.01.34 and 9903.02.01, articles the product of Bolivia, as provided for in subdivision (v) of U.S. note 2 to this subchapter"
Bosnia and Herzegovina,bosnia-and-herzegovina,9903.01.64,35,The duty provided in the applicable subheading + 35%,"ended 2026-02-20 (IEEPA tariffs terminated, Executive Order 14389)","Except for goods loaded onto a vessel at the port of loading and in transit on the final mode of transit before 12:01 a.m. eastern daylight time on April 9, 2025, except for products described in headings 9903.01.28-9903.01.33, and except as provided for in heading 9903.01.34, articles the product of Bosnia and Herzegovina, as provided for in subdivision (v) of U.S. note 2 to this subchapter [Compiler's note: provision terminated. See 90 Fed. Reg. 37963.]"
Bosnia and Herzegovina,bosnia-and-herzegovina,9903.02.07,30,The duty provided in the applicable subheading + 30%,"ended 2026-02-20 (IEEPA tariffs terminated, Executive Order 14389)","Except for goods loaded onto a vessel at the port of loading and in transit on the final mode of transit before 12:01 a.m. eastern daylight time on August 7, 2025, and entered for consumption or withdrawn from warehouse for consumption before 12:01 a.m. eastern daylight time on October 5, 2025, except for products described in headings 9903.01.30-9903.01.33 and 9903.02.78, and except as provided for in headings 9903.01.34 and 9903.02.01, articles the product of Bosnia and Herzegovina, as provided for in subdivision (v) of U.S. note 2 to this subchapter"
Botswana,botswana,9903.02.08,15,The duty provided in the applicable subheading + 15%,"ended 2026-02-20 (IEEPA tariffs terminated, Executive Order 14389)","Except for goods loaded onto a vessel at the port of loading and in transit on the final mode of transit before 12:01 a.m. eastern daylight time on August 7, 2025, and entered for consumption or withdrawn from warehouse for consumption before 12:01 a.m. eastern daylight time on October 5, 2025, except for products described in headings 9903.01.30-9903.01.33 and 9903.02.78, and except as provided for in headings 9903.01.34 and 9903.02.01, articles the product of Botswana, as provided for in subdivision (v) of U.S. note 2 to this subchapter"
Brazil,brazil,9903.01.77,40,The duty provided in the applicable subheading + 40%,"ended 2026-02-20 (IEEPA tariffs terminated, Executive Order 14389)","Except for products described in headings 9903.01.78-9903.01.83 and 9903.01.90, articles the product of Brazil that are entered for consumption, or withdrawn from warehouse for consumption, after 12:01 a.m. eastern daylight time 7 days after the date of the executive order, excluding the day the executive order is signed, as provided for in subdivision (x) of U.S. note 2 to this subchapter [Compiler’s note: Executive Order 14323 (90 Fed. Reg. 37739) was signed on July 30, 2025, and became effective on August 6, 2025.]"
Brazil,brazil,9903.05.01,25,The duty provided in the applicable subheading + 25%,in force,"Except for products described in headings 9903.05.02–9903.05.09, articles the product of Brazil, as provided for in subdivision (a) of U.S. note 50 to this subchapter"
Brazil,brazil,9903.05.27,12.5,The duty provided in the applicable subheading + 12.5%,in force,"Except for products described in headings 9903.05.85–9903.05.92, articles the product of Brazil, as provided for in U.S. note 52 to this subchapter"
Brazil,brazil,9903.02.09,10,The duty provided in the applicable subheading + 10%,"ended 2026-02-20 (IEEPA tariffs terminated, Executive Order 14389)","Except for goods loaded onto a vessel at the port of loading and in transit on the final mode of transit before 12:01 a.m. eastern daylight time on August 7, 2025, and entered for consumption or withdrawn from warehouse for consumption before 12:01 a.m. eastern daylight time on October 5, 2025, except for products described in headings 9903.01.30-9903.01.33 and 9903.02.78, and except as provided for in headings 9903.01.34 and 9903.02.01, articles the product of Brazil, as provided for in subdivision (v) of U.S. note 2 to this subchapter"
Brazil,brazil,9903.01.78,,The duty provided in the applicable subheading,"ended 2026-02-20 (IEEPA tariffs terminated, Executive Order 14389)","Articles the product of Brazil that (1) were loaded onto a vessel at the port of loading and in transit on the final mode of transit prior to entry into the United States, before 12:01 a.m. eastern day light time 7 days after the date of the executive order, excluding the day the executive order is signed; and (2) are entered for consumption, or withdrawn from warehouse for consumption before 12:01 a.m. eastern daylight time on October 5, 2025 [Compiler’s note: Executive Order 14323 (90 Fed. Reg. 37739) was signed on July 30, 2025, and became effective on August 6, 2025.]"
Brazil,brazil,9903.01.79,,The duty provided in the applicable subheading,"ended 2026-02-20 (IEEPA tariffs terminated, Executive Order 14389)","Articles the product of Brazil that are donations, by persons subject to the jurisdiction of the United States, such as food, clothing, and medicine, intended to be used to relieve human suffering, as provided for in subdivision (x)(ii) of U.S. note 2 to this subchapter"
Brazil,brazil,9903.01.80,,The duty provided in the applicable subheading,"ended 2026-02-20 (IEEPA tariffs terminated, Executive Order 14389)","Articles the product of Brazil that are informational materials, including but not limited to, publications, films, posters, phonograph records, photographs, microfilms, microfiche, tapes, compact disks, CD ROMs, artworks, and news wire feeds"
Brazil,brazil,9903.01.81,,The duty provided in the applicable subheading,"ended 2026-02-20 (IEEPA tariffs terminated, Executive Order 14389)","Articles the product of Brazil, classified in the subheadings enumerated in subdivision (x)(iii)(a) of U.S. note 2 to this subchapter"
Brazil,brazil,9903.01.90,,The duty provided in the applicable subheading,"ended 2026-02-20 (IEEPA tariffs terminated, Executive Order 14389)","Articles the product of Brazil, as provided for in subdivision (x)(iii)(b) of U.S. note 2 to this subchapter"
Brazil,brazil,9903.05.02,,The duty provided in the applicable subheading,in force,"Articles the product of Brazil that (1) were loaded onto a vessel at the port of loading and in transit on the final mode of transit prior to entry into the United States before 12:01 a.m. eastern time on July 22, 2026; and (2) are entered for consumption, or withdrawn from warehouse for consumption, before 12:01 a.m. eastern time on July 29, 2026"
Brazil,brazil,9903.05.03,,The duty provided in the applicable subheading,in force,"Articles the product of Brazil, as provided for in subdivision (a)(ii) of U.S. note 50 to this subchapter"
Brazil,brazil,9903.05.04,,The duty provided in the applicable subheading,in force,"Articles the product of Brazil, as provided for in subdivision (a)(iii) of U.S. note 50 to this subchapter"
Brazil,brazil,9903.05.06,,The duty provided in the applicable subheading,in force,"Articles the product of Brazil that are articles for use in pharmaceutical applications, as provided for in subdivision (a)(v) of U.S. note 50 to this subchapter"
Brazil,brazil,9903.05.08,,The duty provided in the applicable subheading,in force,"Articles the product of Brazil that are donations by persons subject to the jurisdiction of the United States, such as food, clothing and medicine, intended to be used to relieve human suffering"
Brazil,brazil,9903.05.09,,The duty provided in the applicable subheading,in force,"Articles the product of Brazil that are informational materials, including but not limited to publications, films, posters, phonograph records, photographs, microfilms, microfiche, tapes, compact disks, CD ROMs, artworks and news wire feeds"
Brunei,brunei,9903.02.10,25,The duty provided in the applicable subheading + 25%,"ended 2026-02-20 (IEEPA tariffs terminated, Executive Order 14389)","Except for goods loaded onto a vessel at the port of loading and in transit on the final mode of transit before 12:01 a.m. eastern daylight time on August 7, 2025, and entered for consumption or withdrawn from warehouse for consumption before 12:01 a.m. eastern daylight time on October 5, 2025, except for products described in headings 9903.01.30-9903.01.33 and 9903.02.78, and except as provided for in headings 9903.01.34 and 9903.02.01, articles the product of Brunei, as provided for in subdivision (v) of U.S. note 2 to this subchapter"
Brunei,brunei,9903.01.53,24,The duty provided in the applicable subheading + 24%,"ended 2026-02-20 (IEEPA tariffs terminated, Executive Order 14389)","Except for goods loaded onto a vessel at the port of loading and in transit on the final mode of transit before 12:01 a.m. eastern daylight time on April 9, 2025, except for products described in headings 9903.01.28-9903.01.33, and except as provided for in heading 9903.01.34, articles the product of Brunei, Japan, or Malaysia, as provided for in subdivision (v) of U.S. note 2 to this subchapter [Compiler's note: provision terminated. See 90 Fed. Reg. 37963.]"
Cambodia,cambodia,9903.01.75,49,The duty provided in the applicable subheading + 49%,"ended 2026-02-20 (IEEPA tariffs terminated, Executive Order 14389)","Except for goods loaded onto a vessel at the port of loading and in transit on the final mode of transit before 12:01 a.m. eastern daylight time on April 9, 2025, except for products described in headings 9903.01.28-9903.01.33, and except as provided for in heading 9903.01.34, articles the product of Cambodia, as provided for in subdivision (v) of U.S. note 2 to this subchapter [Compiler's note: provision terminated. See 90 Fed. Reg. 37963.]"
Cambodia,cambodia,9903.02.11,19,The duty provided in the applicable subheading + 19%,"ended 2026-02-20 (IEEPA tariffs terminated, Executive Order 14389)","Except for goods loaded onto a vessel at the port of loading and in transit on the final mode of transit before 12:01 a.m. eastern daylight time on August 7, 2025, and entered for consumption or withdrawn from warehouse for consumption before 12:01 a.m. eastern daylight time on October 5, 2025, except for products described in headings 9903.01.30-9903.01.33 and 9903.02.78, and except as provided for in headings 9903.01.34 and 9903.02.01, articles the product of Cambodia, as provided for in subdivision (v) of U.S. note 2 to this subchapter"
Cambodia,cambodia,9903.05.28,10,The duty provided in the applicable subheading + 10%,in force,"Except for products described in headings 9903.05.85–9903.05.92 and 9903.06.02–9903.06.03, articles the product of Cambodia, as provided for in U.S. note 52 to this subchapter"
Cambodia,cambodia,9903.06.02,,The duty provided in the applicable subheading,in force,"Articles the product of Cambodia, as provided for in subdivision (j)(5)(i) of U.S. note 52 to this subchapter"
Cambodia,cambodia,9903.06.03,,The duty provided in the applicable subheading,in force,"Articles the product of Cambodia, as provided for in subdivision (j)(5)(ii) of U.S. note 52 to this subchapter"
Cameroon,cameroon,9903.02.12,15,The duty provided in the applicable subheading + 15%,"ended 2026-02-20 (IEEPA tariffs terminated, Executive Order 14389)","Except for goods loaded onto a vessel at the port of loading and in transit on the final mode of transit before 12:01 a.m. eastern daylight time on August 7, 2025, and entered for consumption or withdrawn from warehouse for consumption before 12:01 a.m. eastern daylight time on October 5, 2025, except for products described in headings 9903.01.30-9903.01.33 and 9903.02.78, and except as provided for in headings 9903.01.34 and 9903.02.01, articles the product of Cameroon, as provided for in subdivision (v) of U.S. note 2 to this subchapter"
Cameroon,cameroon,9903.01.43,11,The duty provided in the applicable subheading + 11%,"ended 2026-02-20 (IEEPA tariffs terminated, Executive Order 14389)","Except for goods loaded onto a vessel at the port of loading and in transit on the final mode of transit before 12:01 a.m. eastern daylight time on April 9, 2025, except for products described in headings 9903.01.28-9903.01.33, and except as provided for in heading 9903.01.34, articles the product of Cameroon or the Democratic Republic of the Congo, as provided for in subdivision (v) of U.S. note 2 to this subchapter [Compiler's note: provision terminated. See 90 Fed. Reg. 37963.]"
Canada,canada,9903.03.12,50,The duty provided in the applicable subheading + 50%,in force,Articles the product of Canada as provided in subdivision (b)(1) of U.S. note 51 to this subchapter
Canada,canada,9903.03.13,50,The duty provided in the applicable subheading + 50%,in force,Articles the product of Canada as provided in subdivision (b)(2) of U.S. note 51 to this subchapter
Canada,canada,9903.03.14,50,The duty provided in the applicable subheading + 50%,in force,Articles the product of Canada as provided in subdivision (b)(3) of U.S. note 51 to this subchapter
Canada,canada,9903.01.16,40,The duty provided in the applicable subheading + 40%,"ended 2026-02-20 (IEEPA tariffs terminated, Executive Order 14389)","Except for products described in 9903.01.11, 9903.01.12, and 9903.01.14, articles the product of Canada as provided for in subdivision (m) to note 2 to this subchapter and determined by CBP to have been transshipped to evade applicable duties"
Canada,canada,9903.01.10,35,The duty provided in the applicable subheading + 35%,"ended 2026-02-20 (IEEPA tariffs terminated, Executive Order 14389)","Except for products described in headings 9903.01.11, 9903.01.12, 9903.01.13, 9903.01.14 or 9903.01.15, articles the product of Canada, as provided for in U.S. note 2(j) to this subchapter"
Canada,canada,9903.01.15,10,The duty provided in the applicable subheading +10%,"ended 2026-02-20 (IEEPA tariffs terminated, Executive Order 14389)","Potash that is a product of Canada, as provided for in U.S. note 2(I) to this subchapter"
Canada,canada,9903.05.29,10,The duty provided in the applicable subheading + 10%,in force,"Except for products described in headings 9903.05.85–9903.05.93, articles the product of Canada, as provided for in U.S. note 52 to this subchapter"
Canada,canada,9903.01.11,,The duty provided in the applicable subheading,"ended 2026-02-20 (IEEPA tariffs terminated, Executive Order 14389)","Articles the product of Canada that are donations, by persons subject to the jurisdiction of the United States, of articles, such as food, clothing, and medicine, intended to be used to relieve human suffering, as provided for in U.S. note 2(k) to this subchapter"
Canada,canada,9903.01.12,,The duty provided in the applicable subheading,"ended 2026-02-20 (IEEPA tariffs terminated, Executive Order 14389)","Articles the product of Canada that are informational materials, including but not limited to, publications, films, posters, phonograph records, photographs, microfilms, microfiche, tapes, compact disks, CD ROMs, artworks, and news wire feeds"
Canada,canada,9903.01.26,,The duty provided in the applicable subheading,"ended 2026-02-20 (IEEPA tariffs terminated, Executive Order 14389)","Articles the product of Canada, as provided for in subdivision (v)(iv) of U.S. note 2 to this subchapter"
Canada,canada,9903.03.07,,The duty provided in the applicable subheading,ended 2026-07-23 (Section 122 surcharge expired),"Articles the product of Canada, as provided for in subdivision (aa)(vi) of U.S. note 2 to this subchapter"
Canada,canada,9903.03.16,,No change,in force,"Articles of civil aircraft (all aircraft other than military aircraft and unmanned aircraft); their engines, parts and components; their other parts, components and subassemblies; and ground flight simulators and their parts and components the product of Canada, as provided for in subdivision (d) of U.S. note 51 to this subchapter"
Canada,canada,9903.05.93,,The duty provided in the applicable subheading,in force,"Articles the product of Canada, as provided for in subdivision (g) of U.S. note 52 to this subchapter"
Chad,chad,9903.02.13,15,The duty provided in the applicable subheading + 15%,"ended 2026-02-20 (IEEPA tariffs terminated, Executive Order 14389)","Except for goods loaded onto a vessel at the port of loading and in transit on the final mode of transit before 12:01 a.m. eastern daylight time on August 7, 2025, and entered for consumption or withdrawn from warehouse for consumption before 12:01 a.m. eastern daylight time on October 5, 2025, except for products described in headings 9903.01.30-9903.01.33 and 9903.02.78, and except as provided for in headings 9903.01.34 and 9903.02.01, articles the product of Chad, as provided for in subdivision (v) of U.S. note 2 to this subchapter"
Chad,chad,9903.01.44,13,The duty provided in the applicable subheading + 13%,"ended 2026-02-20 (IEEPA tariffs terminated, Executive Order 14389)","Except for goods loaded onto a vessel at the port of loading and in transit on the final mode of transit before 12:01 a.m. eastern daylight time on April 9, 2025, except for products described in headings 9903.01.28-9903.01.33, and except as provided for in heading 9903.01.34, articles the product of Chad or Equatorial Guinea, as provided for in subdivision (v) of U.S. note 2 to this subchapter [Compiler's note: provision terminated. See 90 Fed. Reg. 37963.]"
Chile,chile,9903.05.30,12.5,The duty provided in the applicable subheading + 12.5%,in force,"Except for products described in headings 9903.05.85–9903.05.92, articles the product of Chile, as provided for in U.S. note 52 to this subchapter"
China,china,9903.91.03,100,The duty provided in the applicable subheading + 100%,in force,"Except as provided in heading 9903.91.10, effective with respect to entries on or after September 27, 2024, articles the product of China, as provided for in subdivision (d) of U.S. note 31 to this subchapter"
China,china,9903.91.08,100,The duty provided in the applicable subheading + 100%,in force,"Effective with respect to entries on or after January 1, 2026, articles the product of China, as provided for in subdivision (i) of U.S. note 31 to this subchapter"
China,china,9903.91.02,50,The duty provided in the applicable subheading + 50%,in force,"Effective with respect to entries on or after September 27, 2024, articles the product of China, as provided for in subdivision (c) of U.S. note 31 to this subchapter"
China,china,9903.91.05,50,The duty provided in the applicable subheading + 50%,in force,"Effective with respect to entries on or after January 1, 2025, articles the product of China, as provided for in subdivision (f) of U.S. note 31 to this subchapter"
China,china,9903.91.07,50,The duty provided in the applicable subheading + 50%,in force,"Effective with respect to entries on or after January 1, 2026, articles the product of China, as provided for in subdivision (h) of U.S. note 31 to this subchapter"
China,china,9903.01.63,34,The duty provided in the applicable subheading + 34%,"ended 2026-02-20 (IEEPA tariffs terminated, Executive Order 14389)","Except for goods loaded onto a vessel at the port of loading and in transit on the final mode of transit before 12:01 a.m. eastern daylight time on April 10, 2025, except for products described in headings 9903.01.28–9903.01.33, except as provided for in heading 9903.01.34, and except as provided for in U.S. note 2(w), articles the product of China, including Hong Kong and Macau, as provided for in subdivision (v) of U.S. note 2 to this subchapter [Compiler's note: provision suspended. See 90 Fed. Reg. 50729.]"
China,china,9903.88.01,25,The duty provided in the applicable subheading plus 25%,in force,"Except as provided in headings 9903.88.05, 9903.88.06, 9903.88.07, 9903.88.08, 9903.88.10, 9903.88.11, 9903.88.14, 9903.88.19, 9903.88.50, 9903.88.52, 9903.88.58, 9903.88.60, 9903.88.62, 9903.88.66, 9903.88.67, 9903.88.68, or 9903.88.69, articles the product of China, as provided for in U.S. note 20(a) to this subchapter and as provided for in the subheadings enumerated in U.S. note 20(b) [to this subchapter]"
China,china,9903.88.02,25,The duty provided in the applicable subheading + 25%,in force,"Except as provided in headings 9903.88.12, 9903.88.17, 9903.88.20, 9903.88.54, 9903.88.59, 9903.88.61, 9903.88.63, 9903.88.66, 9903.88.67, 9903.88.68, 9903.88.69, or 9903.88.70, articles the product of China, as provided for in U.S. note 20(c) to this subchapter and as provided for in the subheadings enumerated in U.S. note 20(d)"
China,china,9903.88.03,25,The duty provided in the applicable subheading + 25%,in force,"Except as provided in headings 9903.88.13, 9903.88.18, 9903.88.33, 9903.88.34, 9903.88.35, 9903.88.36, 9903.88.37, 9903.88.38, 9903.88.40, 9903.88.41, 9903.88.43, 9903.88.45, 9903.88.46, 9903.88.48, 9903.88.56, 9903.88.64, 9903.88.66, 9903.88.67, 9903.88.68, or 9903.88.69, articles the product of China, as provided for in U.S. note 20(e) to this subchapter and as provided for in the subheadings enumerated in U.S. note 20(f)"
China,china,9903.88.04,25,The duty provided in the applicable subheading + 25%,in force,"Except as provided in headings 9903.88.33, 9903.88.34, 9903.88.36, 9903.88.37, 9903.88.38, 9903.88.40, 9903.88.46, 9903.88.48, 9903.88.56, 9903.88.64, 9903.88.66, 9903.88.67, or 9903.88.69, articles the product of China, as provided for in U.S. note 20(g) to this subchapter and as provided for in the subheadings enumerated in U.S. note 20(g)"
China,china,9903.91.01,25,The duty provided in the applicable subheading + 25%,in force,"Effective with respect to entries on or after September 27, 2024, articles the product of China, as provided for in subdivision (b) of U.S. note 31 to this subchapter"
China,china,9903.91.04,25,The duty provided in the applicable subheading + 25%,in force,"Effective with respect to entries on or after January 1, 2025, and before January 1, 2026, articles the product of China, as provided for in subdivision (e) of U.S. note 31 to this subchapter"
China,china,9903.91.06,25,The duty provided in the applicable subheading + 25%,in force,"Effective with respect to entries on or after January 1, 2026, articles the product of China, as provided for in subdivision (g) of U.S. note 31 to this subchapter"
China,china,9903.91.11,25,The duty provided in the applicable subheading + 25%,in force,"Effective with respect to entries on or after January 1, 2025, articles the product of China, as provided for in subdivision (j) of U.S. note 31 to this subchapter"
China,china,9903.88.16,15,The duty provided in the applicable subheading + 15%,in force,"Articles the product of China, as provided for in U.S. note 20(t) to this subchapter and as provided for in the subheadings enumerated in U.S. note 20(u) [Compiler's note: provision suspended.]"
China,china,9903.05.31,12.5,The duty provided in the applicable subheading + 12.5%,in force,"Except for products described in headings 9903.05.85–9903.05.92, articles the product of China, as provided for in U.S. note 52 to this subchapter"
China,china,9903.01.20,10,The duty provided in the applicable subheading + 10%,"ended 2026-02-20 (IEEPA tariffs terminated, Executive Order 14389)","Except for products described in headings 9903.01.21, 9903.01.22, or 9903.01.23 articles the product of China and Hong Kong, as provided for in U.S. note 2(s) to this subchapter"
China,china,9903.01.24,10,The duty provided in the applicable subheading + 10%,"ended 2026-02-20 (IEEPA tariffs terminated, Executive Order 14389)","Except for products described in headings 9903.01.21, 9903.01.22, 9903.01.23, articles the product of China and Hong Kong, as provided for in U.S. note 2(u) to this subchapter"
China,china,9903.88.09,10,The duty provided in the applicable subheading + 10%,in force,"Articles the product of China, as provided for in U.S. note 20(l) to this subchapter and as provided for in the subheadings enumerated in U.S. notes 20(f) or 20(g) to this subchapter, if exported to the United States before May 10, 2019 and entered for consumption, or withdrawn from warehouse for consumption, on or after May 10, 2019, and before June 15, 2019"
China,china,9903.88.15,7.5,The duty provided in the applicable subheading + 7.5%,in force,"Except as provided in headings 9903.88.39, 9903.88.42, 9903.88.44, 9903.88.47, 9903.88.49, 9903.88.51, 9903.88.53, 9903.88.55, 9903.88.57, 9903.88.65, 9903.88.66, 9903.88.67, 9903.88.68, or 9903.88.69, articles the product of China, as provided for in U.S. note 20(r) to this subchapter and as provided for in the subheadings enumerated in U.S. note 20(s)"
China,china,9903.01.21,,The duty provided in the applicable subheading,"ended 2026-02-20 (IEEPA tariffs terminated, Executive Order 14389)","Articles the product of China and Hong Kong that are donations, by persons subject to the jurisdiction of the United States, of articles, such as food, clothing, and medicine, intended to be used to relieve human suffering, as provided for in U.S. note 2(t) to this subchapter"
China,china,9903.01.22,,The duty provided in the applicable subheading,"ended 2026-02-20 (IEEPA tariffs terminated, Executive Order 14389)","Articles the product of China and Hong Kong that are informational materials, including but not limited to, publications, films, posters, phonograph records, photographs, microfilms, microfiche, tapes, compact disks, CD ROMs, artworks, and news wire feeds"
China,china,9903.01.23,,The duty provided in the applicable subheading,"ended 2026-02-20 (IEEPA tariffs terminated, Executive Order 14389)","Except for products described in headings 9903.01.21 and 9903.01.22, and other than products for personal use included in accompanied baggage of persons arriving in the United States, articles the product of China and Hong Kong that: (1) were loaded onto a vessel at the port of loading, or in transit on the final mode of transport prior to entry into the United States, before 12:01 a.m. eastern standard time on February 1, 2025; and (2) are entered for consumption, or withdrawn from warehouse for consumption, on or after 12:01 a.m. eastern standard time on February 4, 2025, and before 12:01 a.m. eastern standard time on March 7, 2025."
China,china,9903.88.05,,The duty provided in the applicable subheading,in force,"Articles the product of China, as provided for in U.S. note 20(h) to this subchapter, each covered by an exclusion granted by the U.S. Trade Representative"
China,china,9903.88.06,,The duty provided in the applicable subheading,in force,"Articles the product of China, as provided for in U.S. note 20(i) to this subchapter, each covered by an exclusion granted by the U.S. Trade Representative"
China,china,9903.88.07,,The duty provided in the applicable subheading,in force,"Articles the product of China, as provided for in U.S. note 20(j) to this subchapter, each covered by an exclusion granted by the U.S. Trade Representative"
China,china,9903.88.08,,The duty provided in the applicable subheading,in force,"Articles the product of China, as provided for in U.S. note 20(k) to this subchapter, each covered by an exclusion granted by the United States Trade Representative"
China,china,9903.88.10,,The duty provided in the applicable subheading,in force,"Articles the product of China, as provided for in U.S. note 20(m) to this subchapter, each covered by an exclusion granted by the U.S. Trade Representative"
China,china,9903.88.11,,The duty provided in the applicable subheading,in force,"Articles the product of China, as provided for in U.S. note 20(n) to this subchapter, each covered by an exclusion granted by the U.S. Trade Representative"
China,china,9903.88.12,,The duty provided in the applicable subheading,in force,"Articles the product of China, as provided for in U.S. note 20(o) to this subchapter, each covered by an exclusion granted by the U.S. Trade Representative"
China,china,9903.88.13,,The duty provided in the applicable subheading,in force,"Articles the product of China, as provided for in U.S. note 20(p) to this subchapter, each covered by an exclusion granted by the U.S. Trade Representative"
China,china,9903.88.14,,The duty provided in the applicable subheading,in force,"Articles the product of China, as provided for in U.S. note 20(q) to this subchapter, each covered by an exclusion granted by the U.S. Trade Representative"
China,china,9903.88.17,,The duty provided in the applicable subheading,in force,"Articles the product of China, as provided for in U.S. note 20(v) to this subchapter, each covered by an exclusion granted by the U.S. Trade Representative"
China,china,9903.88.18,,The duty provided in the applicable subheading,in force,"Articles the product of China, as provided for in U.S. note 20(w) to this subchapter, each covered by an exclusion granted by the U.S. Trade Representative"
China,china,9903.88.19,,The duty provided in the applicable subheading,in force,"Articles the product of China, as provided for in U.S. note 20(x) to this subchapter, each covered by an exclusion granted by the U.S. Trade Representative"
China,china,9903.88.20,,The duty provided in the applicable subheading,in force,"Articles the product of China, as provided for in U.S. note 20(y) to this subchapter, each covered by an exclusion granted by the U.S. Trade Representative"
China,china,9903.88.21,,The duty provided in the applicable subheading,in force,"Articles the product of China, as provided for in U.S. note 20(z) to this subchapter"
China,china,9903.88.22,,The duty provided in the applicable subheading,in force,"Articles the product of China, as provided for in U.S. note 20(aa) to this subchapter"
China,china,9903.88.23,,The duty provided in the applicable subheading,in force,"Articles the product of China, as provided for in U.S. note 20(bb) to this subchapter"
China,china,9903.88.24,,The duty provided in the applicable subheading,in force,"Articles the product of China, as provided for in U.S. note 20(cc) to this subchapter"
China,china,9903.88.25,,The duty provided in the applicable subheading,in force,"Articles the product of China, as provided for in U.S. note 20(dd) to this subchapter"
China,china,9903.88.26,,The duty provided in the applicable subheading,in force,"Articles the product of China, as provided for in U.S. note 20(ee) to this subchapter"
China,china,9903.88.27,,The duty provided in the applicable subheading,in force,"Articles the product of China, as provided for in U.S. note 20(ff) to this subchapter"
China,china,9903.88.28,,The duty provided in the applicable subheading,in force,"Articles the product of China, as provided for in U.S. note 20(gg) to this subchapter"
China,china,9903.88.33,,The duty provided in the applicable subheading,in force,"Articles the product of China, as provided for in U.S. note 20(ll) to this subchapter, each covered by an exclusion granted by the U.S. Trade Representative"
China,china,9903.88.34,,The duty provided in the applicable subheading,in force,"Articles the product of China, as provided for in U.S. note 20(mm) to this subchapter, each covered by an exclusion granted by the U.S. Trade Representative"
China,china,9903.88.35,,The duty provided in the applicable subheading,in force,"Articles the product of China, as provided for in U.S. note 20(nn) to this subchapter, each covered by an exclusion granted by the U.S. Trade Representative"
China,china,9903.88.36,,The duty provided in the applicable subheading,in force,"Articles the product of China, as provided for in U.S. note 20(oo) to this subchapter, each covered by an exclusion granted by the U.S. Trade Representative"
China,china,9903.88.37,,The duty provided in the applicable subheading,in force,"Articles the product of China, as provided for in U.S. note 20(pp) to this subchapter, each covered by an exclusion granted by the U.S. Trade Representative"
China,china,9903.88.38,,The duty provided in the applicable subheading,in force,"Articles the product of China, as provided for in U.S. note 20(qq) to this subchapter, each covered by an exclusion granted by the U.S. Trade Representative"
China,china,9903.88.39,,The duty provided in the applicable subheading,in force,"Articles the product of China, as provided for in U.S. note 20(rr) to this subchapter, each covered by an exclusion granted by the U.S. Trade Representative"
China,china,9903.88.40,,The duty provided in the applicable subheading,in force,"Articles the product of China, as provided for in U.S. note 20(ss) to this subchapter, each covered by an exclusion granted by the U.S. Trade Representative"
China,china,9903.88.41,,The duty provided in the applicable subheading,in force,"Articles the product of China, as provided for in U.S. note 20(tt) to this subchapter, each covered by an exclusion granted by the U.S. Trade Representative"
China,china,9903.88.42,,The duty provided in the applicable subheading,in force,"Articles the product of China, as provided for in U.S. note 20(uu) to this subchapter, each covered by an exclusion granted by the U.S. Trade Representative"
China,china,9903.88.43,,The duty provided in the applicable subheading,in force,"Articles the product of China, as provided for in U.S. note 20(vv) to this subchapter, each covered by an exclusion granted by the U.S. Trade Representative"
China,china,9903.88.44,,The duty provided in the applicable subheading,in force,"Articles the product of China, as provided for in U.S. note 20(ww) to this subchapter, each covered by an exclusion granted by the U.S. Trade Representative"
China,china,9903.88.45,,The duty provided in the applicable subheading,in force,"Articles the product of China, as provided for in U.S. note 20(xx) to this subchapter, each covered by an exclusion granted by the U.S. Trade Representative"
China,china,9903.88.46,,The duty provided in the applicable subheading,in force,"Articles the product of China, as provided for in U.S. note 20(yy) to this subchapter, each covered by an exclusion granted by the U.S. Trade Representative"
China,china,9903.88.47,,The duty provided in the applicable subheading,in force,"Articles the product of China, as provided for in U.S. note 20(zz) to this subchapter, each covered by an exclusion granted by the U.S. Trade Representative"
China,china,9903.88.48,,The duty provided in the applicable subheading,in force,"Articles the product of China, as provided for in U.S. note 20(aaa) to this subchapter, each covered by an exclusion granted by the U.S. Trade Representative"
China,china,9903.88.49,,The duty provided in the applicable subheading,in force,"Articles the product of China, as provided for in U.S. note 20(bbb) to this subchapter, each covered by an exclusion granted by the U.S. Trade Representative"
China,china,9903.88.50,,The duty provided in the applicable subheading,in force,"Effective with respect to entries on or after June 4, 2020, and through December 31, 2020, articles the product of China, as provided for in U.S. note 20(ccc) to this subchapter, each covered by an exclusion granted by the U.S. Trade Representative"
China,china,9903.88.51,,The duty provided in the applicable subheading,in force,"Articles the product of China, as provided for in U.S. note 20(ddd) to this subchapter, each covered by an exclusion granted by the U.S. Trade Representative"
China,china,9903.88.52,,The duty provided in the applicable subheading,in force,"Effective with respect to entries on or after July 9, 2020, and through December 31, 2020, articles the product of China, as provided for in U.S. note 20(eee) to this subchapter, each covered by an exclusion granted by the U.S. Trade Representative"
China,china,9903.88.53,,The duty provided in the applicable subheading,in force,"Articles the product of China, as provided for in U.S. note 20(fff) to this subchapter, each covered by an exclusion granted by the U.S. Trade Representative"
China,china,9903.88.54,,The duty provided in the applicable subheading,in force,"Effective with respect to entries on or after July 31, 2020, and through December 31, 2020, articles the product of China, as provided for in U.S. note 20(ggg) to this subchapter, each covered by an exclusion granted by the U.S. Trade Representative"
China,china,9903.88.55,,The duty provided in the applicable subheading,in force,"Articles the product of China, as provided for in U.S. note 20(hhh) to this subchapter, each covered by an exclusion granted by the U.S. Trade Representative"
China,china,9903.88.56,,The duty provided in the applicable subheading,in force,"Effective with respect to entries on or after August 7, 2020, and through December 31, 2020, articles the product of China, as provided for in U.S. note 20(iii) to this subchapter, each covered by an exclusion granted by the U.S. Trade Representative"
China,china,9903.88.57,,The duty provided in the applicable subheading,in force,"Effective with respect to entries on or after September 1, 2020, and through December 31, 2020, articles the product of China, as provided for in U.S. note 20(jjj) to this subchapter, each covered by an exclusion granted by the U.S. Trade Representative"
China,china,9903.88.58,,The duty provided in the applicable subheading,in force,"Effective with respect to entries on or after September 20, 2020, and through December 31, 2020, articles the product of China, as provided for in U.S. note 20(kkk) to this subchapter, each covered by an exclusion granted by the U.S. Trade Representative"
China,china,9903.88.59,,The duty provided in the applicable subheading,in force,"Effective with respect to entries on or after September 20, 2020, and through December 31, 2020, articles the product of China, as provided for in U.S. note 20(lll) to this subchapter, each covered by an exclusion granted by the U.S. Trade Representative"
China,china,9903.88.60,,The duty provided in the applicable subheading,in force,"Effective with respect to entries on or after October 2, 2020, and through December 31, 2020, articles the product of China, as provided for in U.S. note 20(mmm) to this subchapter, each covered by an exclusion granted by the U.S. Trade Representative"
China,china,9903.88.61,,The duty provided in the applicable subheading,in force,"Effective with respect to entries on or after October 2, 2020, and through December 31, 2020, articles the product of China, as provided for in U.S. note 20(nnn) to this subchapter, each covered by an exclusion granted by the U.S. Trade Representative"
China,china,9903.88.62,,The duty provided in the applicable subheading,in force,"Effective with respect to entries on or after January 1, 2021, and through November 30, 2021, articles the product of China, as provided for in U.S. note 20(ooo) to this subchapter, each covered by an exclusion granted by the U.S. Trade Representative"
China,china,9903.88.63,,The duty provided in the applicable subheading,in force,"Effective with respect to entries on or after January 1, 2021, and through November 30, 2021, articles the product of China, as provided for in U.S. note 20(ppp) to this subchapter, each covered by an exclusion granted by the U.S. Trade Representative"
China,china,9903.88.64,,The duty provided in the applicable subheading,in force,"Effective with respect to entries on or after January 1, 2021, and through November 30, 2021, articles the product of China, as provided for in U.S. note 20(qqq) to this subchapter, each covered by an exclusion granted by the U.S. Trade Representative"
China,china,9903.88.65,,The duty provided in the applicable subheading,in force,"Effective with respect to entries on or after January 1, 2021, and through November 30, 2021, articles the product of China, as provided for in U.S. note 20(rrr) to this subchapter, each covered by an exclusion granted by the U.S. Trade Representative"
China,china,9903.88.66,,The duty provided in the applicable subheading,in force,"Effective with respect to entries on or after December 1, 2021, and before June 1, 2023, articles the product of China, as provided for in U.S. note 20(sss) to this subchapter, each covered by an exclusion granted by the U.S. Trade Representative"
China,china,9903.88.67,,The duty provided in the applicable subheading,in force,"Effective with respect to entries on or after October 12, 2021 and through June 14, 2024, articles the product of China, as provided for in U.S. note 20(ttt) to this subchapter, each covered by an exclusion granted by the U.S. Trade Representative"
China,china,9903.88.68,,The duty provided in the applicable subheading,in force,"Effective with respect to entries on or after June 1, 2023, and before June 15, 2024, articles the product of China, as provided for in U.S. note 20(uuu) to this subchapter, each covered by an exclusion granted by the U.S. Trade Representative"
China,china,9903.88.69,,The duty provided in the applicable subheading,in force,"Effective with respect to entries on or after June 15, 2024 and through November 9, 2026, articles the product of China, as provided for in U.S. note 20(vvv) to this subchapter, each covered by an exclusion granted by the U.S. Trade Representative"
China,china,9903.88.70,,The duty provided in the applicable subheading,in force,"Effective with respect to entries on or after January 1, 2024, and through November 9, 2026, articles the product of China, as provided in U.S. note 20(www) to this subchapter, each covered by an exclusion granted by the U.S. Trade Representative"
China,china,9903.91.12,,"The duty provided in subheadings 8716.39.00, 8716.90.30 or 8716.90.50 + 100%",in force,"Effective with respect to entries, on or after November 10, 2026, of intermodal chassis, subassemblies thereof, and parts thereof (provided for in statistical reporting number 8716.39.0090, or in subheadings 8716.90.30 or 8716.90.50), articles the product of China, as provided for in subdivision (k)(i) of U.S. note 31 to this subchapter, except as provided in heading 9903.91.13."
China,china,9903.91.13,,The duty provided in the applicable subheading,in force,"Effective with respect to entries, on or after November 10, 2026, of articles the product of China, as provided for in subdivision (k)(ii) of U.S. note 31 to this subchapter (provided for in statistical reporting number 8716.39.0090, or subheadings 8716.90.30 or 8716.90.50), except as provided in heading 9903.91.12."
China,china,9903.91.15,,The duty provided in the applicable subheading,in force,"Notwithstanding heading 9903.91.14, effective with respect to entries, on or after November 10, 2026, of ship-to-shore gantry cranes, configured as a high- or low-profile steel superstructure and designed to unload intermodal containers from vessels with coupling devices for containers, including spreaders or twist-locks (provided for in subheading 8426.19.00), attested by the importer that the ship-to-shore gantry cranes: (1) are not products of China; (2) are not manufactured, assembled, or made using components, assemblies or subassemblies that are products of China, as specified in subdivision (l)(ii) of note 31 to this subchapter; and (3) are not manufactured by a company or other entity that is owned or controlled by a Chinese person or legal entity, as specified by subdivision (l)(v) of note 31 to this subchapter."
China,china,9903.91.16,,The duty provided in the applicable subheading,in force,"Notwithstanding heading 9903.91.14, effective with respect to entries, on or after November 10, 2026, of ship-to-shore gantry cranes, configured as a high- or low-profile steel superstructure and designed to unload intermodal containers from vessels with coupling devices for containers, including spreaders or twist-locks (provided for in subheading 8426.19.00), that: (1) are products of China; (2) that are manufactured, assembled or made using components, assemblies or subassemblies that are products of China; or (3) that are manufactured by a company or other entity that is owned or controlled by a Chinese person or legal entity, as specified by subdivision (l) of U.S. note 31 to this subchapter, that are attested by the importer as fulfilling in whole or in part an executed contract for sale dated prior to April 17, 2025 for goods that are entered for consumption, or withdrawn from warehouse for consumption, in the United States prior to April 18, 2027."
Colombia,colombia,9903.05.32,12.5,The duty provided in the applicable subheading + 12.5%,in force,"Except for products described in headings 9903.05.85–9903.05.92, articles the product of Colombia, as provided for in U.S. note 52 to this subchapter"
Costa Rica,costa-rica,9903.02.14,15,The duty provided in the applicable subheading + 15%,"ended 2026-02-20 (IEEPA tariffs terminated, Executive Order 14389)","Except for goods loaded onto a vessel at the port of loading and in transit on the final mode of transit before 12:01 a.m. eastern daylight time on August 7, 2025, and entered for consumption or withdrawn from warehouse for consumption before 12:01 a.m. eastern daylight time on October 5, 2025, except for products described in headings 9903.01.30-9903.01.33 and 9903.02.78, and except as provided for in headings 9903.01.34 and 9903.02.01, articles the product of Costa Rica, as provided for in subdivision (v) of U.S. note 2 to this subchapter"
Costa Rica,costa-rica,9903.05.33,12.5,The duty provided in the applicable subheading + 12.5%,in force,"Except for products described in headings 9903.05.85–9903.05.92 and 9903.05.95, articles the product of Costa Rica, as provided for in U.S. note 52 to this subchapter"
Costa Rica,costa-rica,9903.03.09,,The duty provided in the applicable subheading,ended 2026-07-23 (Section 122 surcharge expired),"Articles of textiles or apparel the product of Costa Rica, the Dominican Republic, El Salvador, Guatemala, Honduras or Nicaragua, as provided for in subdivision (aa)(viii) of U.S. note 2 to this subchapter"
Costa Rica,costa-rica,9903.05.95,,The duty provided in the applicable subheading,in force,"Articles of textiles or apparel the product of Costa Rica, the Dominican Republic, El Salvador, Guatemala, Honduras or Nicaragua, as provided for in subdivision (i) of U.S. note 52 to this subchapter"
Democratic Republic of the Congo,democratic-republic-of-the-congo,9903.02.16,15,The duty provided in the applicable subheading + 15%,"ended 2026-02-20 (IEEPA tariffs terminated, Executive Order 14389)","Except for goods loaded onto a vessel at the port of loading and in transit on the final mode of transit before 12:01 a.m. eastern daylight time on August 7, 2025, and entered for consumption or withdrawn from warehouse for consumption before 12:01 a.m. eastern daylight time on October 5, 2025, except for products described in headings 9903.01.30-9903.01.33 and 9903.02.78, and except as provided for in headings 9903.01.34 and 9903.02.01, articles the product of Democratic Republic of the Congo, as provided for in subdivision (v) of U.S. note 2 to this subchapter"
Democratic Republic of the Congo,democratic-republic-of-the-congo,9903.01.43,11,The duty provided in the applicable subheading + 11%,"ended 2026-02-20 (IEEPA tariffs terminated, Executive Order 14389)","Except for goods loaded onto a vessel at the port of loading and in transit on the final mode of transit before 12:01 a.m. eastern daylight time on April 9, 2025, except for products described in headings 9903.01.28-9903.01.33, and except as provided for in heading 9903.01.34, articles the product of Cameroon or the Democratic Republic of the Congo, as provided for in subdivision (v) of U.S. note 2 to this subchapter [Compiler's note: provision terminated. See 90 Fed. Reg. 37963.]"
Dominican Republic,dominican-republic,9903.05.34,12.5,The duty provided in the applicable subheading + 12.5%,in force,"Except for products described in headings 9903.05.85–9903.05.92 and 9903.05.95, articles the product of Dominican Republic, as provided for in U.S. note 52 to this subchapter"
Ecuador,ecuador,9903.02.17,15,The duty provided in the applicable subheading + 15%,"ended 2026-02-20 (IEEPA tariffs terminated, Executive Order 14389)","Except for goods loaded onto a vessel at the port of loading and in transit on the final mode of transit before 12:01 a.m. eastern daylight time on August 7, 2025, and entered for consumption or withdrawn from warehouse for consumption before 12:01 a.m. eastern daylight time on October 5, 2025, except for products described in headings 9903.01.30-9903.01.33 and 9903.02.78, and except as provided for in headings 9903.01.34 and 9903.02.01, articles the product of Ecuador, as provided for in subdivision (v) of U.S. note 2 to this subchapter"
Ecuador,ecuador,9903.05.35,10,The duty provided in the applicable subheading + 10%,in force,"Except for products described in headings 9903.05.85–9903.05.92 and 9903.06.18–9903.06.19, articles the product of Ecuador, as provided for in U.S. note 52 to this subchapter"
Ecuador,ecuador,9903.06.18,,The duty provided in the applicable subheading,in force,"Articles the product of Ecuador, as provided for in subdivision (j)(12)(i) of U.S. note 52 to this subchapter"
Ecuador,ecuador,9903.06.19,,The duty provided in the applicable subheading,in force,"Articles the product of Ecuador, as provided for in subdivision (j)(12)(ii) of U.S. note 52 to this subchapter"
Egypt,egypt,9903.05.36,12.5,The duty provided in the applicable subheading + 12.5%,in force,"Except for products described in headings 9903.05.85–9903.05.92, articles the product of Egypt, as provided for in U.S. note 52 to this subchapter"
El Salvador,el-salvador,9903.05.37,10,The duty provided in the applicable subheading + 10%,in force,"Except for products described in headings 9903.05.85–9903.05.92, 9903.05.95 and 9903.06.07–9903.06.09, articles the product of El Salvador, as provided for in U.S. note 52 to this subchapter"
El Salvador,el-salvador,9903.06.07,,The duty provided in the applicable subheading,in force,"Articles the product of El Salvador, as provided for in subdivision (j)(7)(i) of U.S. note 52 to this subchapter"
El Salvador,el-salvador,9903.06.08,,The duty provided in the applicable subheading,in force,"Articles the product of El Salvador, as provided for in subdivision (j)(7)(ii) of U.S. note 52 to this subchapter"
El Salvador,el-salvador,9903.06.09,,The duty provided in the applicable subheading,in force,"Articles of textiles or apparel the product of El Salvador, as provided for in subdivision (j)(7)(iii) of U.S. note 52 to this subchapter"
Equatorial Guinea,equatorial-guinea,9903.02.18,15,The duty provided in the applicable subheading + 15%,"ended 2026-02-20 (IEEPA tariffs terminated, Executive Order 14389)","Except for goods loaded onto a vessel at the port of loading and in transit on the final mode of transit before 12:01 a.m. eastern daylight time on August 7, 2025, and entered for consumption or withdrawn from warehouse for consumption before 12:01 a.m. eastern daylight time on October 5, 2025, except for products described in headings 9903.01.30-9903.01.33 and 9903.02.78, and except as provided for in headings 9903.01.34 and 9903.02.01, articles the product of Equatorial Guinea, as provided for in subdivision (v) of U.S. note 2 to this subchapter"
Equatorial Guinea,equatorial-guinea,9903.01.44,13,The duty provided in the applicable subheading + 13%,"ended 2026-02-20 (IEEPA tariffs terminated, Executive Order 14389)","Except for goods loaded onto a vessel at the port of loading and in transit on the final mode of transit before 12:01 a.m. eastern daylight time on April 9, 2025, except for products described in headings 9903.01.28-9903.01.33, and except as provided for in heading 9903.01.34, articles the product of Chad or Equatorial Guinea, as provided for in subdivision (v) of U.S. note 2 to this subchapter [Compiler's note: provision terminated. See 90 Fed. Reg. 37963.]"
European Union,european-union,9903.01.50,20,The duty provided in the applicable subheading + 20%,"ended 2026-02-20 (IEEPA tariffs terminated, Executive Order 14389)","Except for goods loaded onto a vessel at the port of loading and in transit on the final mode of transit before 12:01 a.m. eastern daylight time on April 9, 2025, except for products described in headings 9903.01.28-9903.01.33, and except as provided for in heading 9903.01.34, articles the product of the European Union or Jordan as provided for in subdivision (v) of U.S. note 2 to this subchapter [Compiler's note: provision terminated. See 90 Fed. Reg. 37963.]"
European Union,european-union,9903.02.19,,The duty provided in the applicable subheading,"ended 2026-02-20 (IEEPA tariffs terminated, Executive Order 14389)","Except for goods loaded onto a vessel at the port of loading and in transit on the final mode of transit before 12:01 a.m. eastern daylight time on August 7, 2025, and entered for consumption or withdrawn from warehouse for consumption before 12:01 a.m. eastern daylight time on October 5, 2025,except for products described in headings 9903.01.30–9903.01.33 and 9903.02.78 and 9903.02.74–9903.02.77, and except as provided for in headings 9903.01.34 and 9903.02.01, articles the product of the European Union, with an ad valorem (or ad valorem equivalent) rate of duty under column 1-General equal to or greater than 15 percent, as provided for in subdivision (v) of U.S. note 2 to this subchapter"
European Union,european-union,9903.02.20,,15%,"ended 2026-02-20 (IEEPA tariffs terminated, Executive Order 14389)","Except for goods loaded onto a vessel at the port of loading and in transit on the final mode of transit before 12:01 a.m. eastern daylight time on August 7, 2025, and entered for consumption or withdrawn from warehouse for consumption before 12:01 a.m. eastern daylight time on October 5, 2025, except for products described in headings 9903.01.30–9903.01.33 and 9903.02.78 and 9903.02.74–9903.02.77, and except as provided for in headings 9903.01.34 and 9903.02.01, articles the product of the European Union, with an ad valorem (or ad valorem equivalent) rate of duty under column 1-General less than 15 percent, as provided for in subdivision (v) of U.S. note 2 to this subchapter"
European Union,european-union,9903.02.74,,The duty provided in the applicable subheading,"ended 2026-02-20 (IEEPA tariffs terminated, Executive Order 14389)","Articles the product of the European Union, as provided for in subdivision (v)(xx) of U.S. note 2 to this subchapter"
European Union,european-union,9903.02.75,,The duty provided in the applicable subheading,"ended 2026-02-20 (IEEPA tariffs terminated, Executive Order 14389)","Articles the product of the European Union, as provided for in subdivision (v)(xxi) of U.S. note 2 to this subchapter"
European Union,european-union,9903.02.77,,The duty provided in the applicable subheading,"ended 2026-02-20 (IEEPA tariffs terminated, Executive Order 14389)","Articles the product of the European Union that are non-patented articles for use in pharmaceutical applications, provided for in subdivision (v)(xxiii) of U.S. note 2 to this subchapter"
European Union,european-union,9903.05.38,,The duty provided in the applicable subheading,in force,"Except for products described in headings 9903.05.85–9903.05.92 and 9903.05.97, articles the product of a member state of the European Union, with an ad valorem (or ad valorem equivalent) rate of duty under column 1 equal to or greater than 10 percent, as provided for in U.S. note 52 to this subchapter"
European Union,european-union,9903.05.39,,10%,in force,"Except for products described in headings 9903.05.85–9903.05.92 and 9903.05.97, articles the product of a member state of the European Union, with an ad valorem (or ad valorem equivalent) rate of duty under column 1 less than 10 percent, as provided for in U.S. note 52 to this subchapter"
European Union,european-union,9903.05.97,,The duty provided in the applicable subheading,in force,"Articles the product of a member state of the European Union, as provided for in subdivision (j)(2) of U.S. note 52 to this subchapter"
European Union,european-union,9903.76.22,,15%,in force,Wood products of the European Union as provided for in subdivisions (d) and (f) of U.S. note 37 of this subchapter
European Union,european-union,9903.94.44,,The duty provided in the applicable subheading,in force,"Automobile parts the product of the European Union with an ad valorem (or ad valorem equivalent) rate of duty under column 1 equal to or greater than 15 percent, as provided for in subdivision (r) of U.S. note 33 to this subchapter."
European Union,european-union,9903.94.45,,15%,in force,"Automobile parts the product of the European Union with an ad valorem (or ad valorem equivalent) rate of duty under column 1 less than 15 percent, as provided for in subdivision (r) of U.S. note 33 to this subchapter."
European Union,european-union,9903.94.50,,The duty provided in the applicable subheading,in force,"Passenger vehicles and light trucks that are products of the European Union as specified in subdivision (n) of U.S. note 33 to this subchapter, with an ad valorem (or ad valorem equivalent as provided for in subdivision (m) of U.S. note 33 to this subchapter) rate of duty under column 1 equal to or greater than 15 percent."
European Union,european-union,9903.94.51,,15%,in force,"Passenger vehicles and light trucks that are products of the European Union as specified in subdivision (n) of U.S. note 33 to this subchapter, with an ad valorem (or ad valorem equivalent as provided for in subdivision (m) of U.S. note 33 to this subchapter) rate of duty under column 1 less than 15 percent"
European Union,european-union,9903.94.52,,The duty provided in the applicable subheading,in force,"Parts of passenger vehicles and light trucks that are products of the European Union as specified in subdivision (o) of U.S. note 33 to this subchapter, with an ad valorem (or ad valorem equivalent as provided for in subdivision (m) of U.S. note 33 to this subchapter) rate of duty under column 1 equal to or greater than 15 percent."
European Union,european-union,9903.94.53,,15%,in force,"Parts of passenger vehicles and light trucks that are products of the European Union as specified in subdivision (o) of U.S. note 33 to this subchapter, with an ad valorem (or ad valorem equivalent as provided for in subdivision (m) of U.S. note 33 to this subchapter) rate of duty under column1 less than 15 percent."
Falkland Islands,falkland-islands,9903.01.70,41,The duty provided in the applicable subheading + 41%,"ended 2026-02-20 (IEEPA tariffs terminated, Executive Order 14389)","Except for goods loaded onto a vessel at the port of loading and in transit on the final mode of transit before 12:01 a.m. eastern daylight time on April 9, 2025, except for products described in headings 9903.01.28-9903.01.33, and except as provided for in heading 9903.01.34, articles the product of Falkland Islands or Syria, as provided for in subdivision (v) of U.S. note 2 to this subchapter [Compiler's note: provision terminated. See 90 Fed. Reg. 37963.]"
Falkland Islands,falkland-islands,9903.02.21,10,The duty provided in the applicable subheading + 10%,"ended 2026-02-20 (IEEPA tariffs terminated, Executive Order 14389)","Except for goods loaded onto a vessel at the port of loading and in transit on the final mode of transit before 12:01 a.m. eastern daylight time on August 7, 2025, and entered for consumption or withdrawn from warehouse for consumption before 12:01 a.m. eastern daylight time on October 5, 2025, except for products described in headings 9903.01.30-9903.01.33 and 9903.02.78, and except as provided for in headings 9903.01.34 and 9903.02.01, articles the product of Falkland Islands, as provided for in subdivision (v) of U.S. note 2 to this subchapter"
Fiji,fiji,9903.02.22,15,The duty provided in the applicable subheading + 15%,"ended 2026-02-20 (IEEPA tariffs terminated, Executive Order 14389)","Except for goods loaded onto a vessel at the port of loading and in transit on the final mode of transit before 12:01 a.m. eastern daylight time on August 7, 2025, and entered for consumption or withdrawn from warehouse for consumption before 12:01 a.m. eastern daylight time on October 5, 2025, except for products described in headings 9903.01.30-9903.01.33 and 9903.02.78, and except as provided for in headings 9903.01.34 and 9903.02.01, articles the product of Fiji, as provided for in subdivision (v) of U.S. note 2 to this subchapter"
Ghana,ghana,9903.02.23,15,The duty provided in the applicable subheading + 15%,"ended 2026-02-20 (IEEPA tariffs terminated, Executive Order 14389)","Except for goods loaded onto a vessel at the port of loading and in transit on the final mode of transit before 12:01 a.m. eastern daylight time on August 7, 2025, and entered for consumption or withdrawn from warehouse for consumption before 12:01 a.m. eastern daylight time on October 5, 2025, except for products described in headings 9903.01.30-9903.01.33 and 9903.02.78, and except as provided for in headings 9903.01.34 and 9903.02.01, articles the product of Ghana, as provided for in subdivision (v) of U.S. note 2 to this subchapter"
Guatemala,guatemala,9903.05.40,10,The duty provided in the applicable subheading + 10%,in force,"Except for products described in headings 9903.05.85–9903.05.92, 9903.05.95 and 9903.06.04–9903.06.06, articles the product of Guatemala, as provided for in U.S. note 52 to this subchapter"
Guatemala,guatemala,9903.06.04,,The duty provided in the applicable subheading,in force,"Articles the product of Guatemala, as provided for in subdivision (j)(6)(i) of U.S. note 52 to this subchapter"
Guatemala,guatemala,9903.06.05,,The duty provided in the applicable subheading,in force,"Articles the product of Guatemala, as provided for in subdivision (j)(6)(ii) of U.S. note 52 to this subchapter"
Guatemala,guatemala,9903.06.06,,The duty provided in the applicable subheading,in force,"Articles of textiles or apparel the product of Guatemala, as provided for in subdivision (j)(6)(iii) of U.S. note 52 to this subchapter"
Guyana,guyana,9903.01.67,38,The duty provided in the applicable subheading + 38%,"ended 2026-02-20 (IEEPA tariffs terminated, Executive Order 14389)","Except for goods loaded onto a vessel at the port of loading and in transit on the final mode of transit before 12:01 a.m. eastern daylight time on April 9, 2025, except for products described in headings 9903.01.28-9903.01.33, and except as provided for in heading 9903.01.34, articles the product of Guyana, as provided for in subdivision (v) of U.S. note 2 to this subchapter [Compiler's note: provision terminated. See 90 Fed. Reg. 37963.]"
Guyana,guyana,9903.02.24,15,The duty provided in the applicable subheading + 15%,"ended 2026-02-20 (IEEPA tariffs terminated, Executive Order 14389)","Except for goods loaded onto a vessel at the port of loading and in transit on the final mode of transit before 12:01 a.m. eastern daylight time on August 7, 2025, and entered for consumption or withdrawn from warehouse for consumption before 12:01 a.m. eastern daylight time on October 5, 2025, except for products described in headings 9903.01.30-9903.01.33 and 9903.02.78, and except as provided for in headings 9903.01.34 and 9903.02.01, articles the product of Guyana, as provided for in subdivision (v) of U.S. note 2 to this subchapter"
Guyana,guyana,9903.05.41,12.5,The duty provided in the applicable subheading + 12.5%,in force,"Except for products described in headings 9903.05.85–9903.05.92, articles the product of Guyana, as provided for in U.S. note 52 to this subchapter"
Honduras,honduras,9903.05.42,10,The duty provided in the applicable subheading + 10%,in force,"Except for products described in headings 9903.05.85–9903.05.92 and 9903.05.95, articles the product of Honduras, as provided for in U.S. note 52 to this subchapter"
Hong Kong,hong-kong,9903.05.43,12.5,The duty provided in the applicable subheading + 12.5%,in force,"Except for products described in headings 9903.05.85–9903.05.92, articles the product of Hong Kong, China, as provided for in U.S. note 52 to this subchapter"
Hong Kong,hong-kong,9903.01.20,10,The duty provided in the applicable subheading + 10%,"ended 2026-02-20 (IEEPA tariffs terminated, Executive Order 14389)","Except for products described in headings 9903.01.21, 9903.01.22, or 9903.01.23 articles the product of China and Hong Kong, as provided for in U.S. note 2(s) to this subchapter"
Hong Kong,hong-kong,9903.01.24,10,The duty provided in the applicable subheading + 10%,"ended 2026-02-20 (IEEPA tariffs terminated, Executive Order 14389)","Except for products described in headings 9903.01.21, 9903.01.22, 9903.01.23, articles the product of China and Hong Kong, as provided for in U.S. note 2(u) to this subchapter"
Hong Kong,hong-kong,9903.01.21,,The duty provided in the applicable subheading,"ended 2026-02-20 (IEEPA tariffs terminated, Executive Order 14389)","Articles the product of China and Hong Kong that are donations, by persons subject to the jurisdiction of the United States, of articles, such as food, clothing, and medicine, intended to be used to relieve human suffering, as provided for in U.S. note 2(t) to this subchapter"
Hong Kong,hong-kong,9903.01.22,,The duty provided in the applicable subheading,"ended 2026-02-20 (IEEPA tariffs terminated, Executive Order 14389)","Articles the product of China and Hong Kong that are informational materials, including but not limited to, publications, films, posters, phonograph records, photographs, microfilms, microfiche, tapes, compact disks, CD ROMs, artworks, and news wire feeds"
Hong Kong,hong-kong,9903.01.23,,The duty provided in the applicable subheading,"ended 2026-02-20 (IEEPA tariffs terminated, Executive Order 14389)","Except for products described in headings 9903.01.21 and 9903.01.22, and other than products for personal use included in accompanied baggage of persons arriving in the United States, articles the product of China and Hong Kong that: (1) were loaded onto a vessel at the port of loading, or in transit on the final mode of transport prior to entry into the United States, before 12:01 a.m. eastern standard time on February 1, 2025; and (2) are entered for consumption, or withdrawn from warehouse for consumption, on or after 12:01 a.m. eastern standard time on February 4, 2025, and before 12:01 a.m. eastern standard time on March 7, 2025."
Iceland,iceland,9903.02.25,15,The duty provided in the applicable subheading + 15%,"ended 2026-02-20 (IEEPA tariffs terminated, Executive Order 14389)","Except for goods loaded onto a vessel at the port of loading and in transit on the final mode of transit before 12:01 a.m. eastern daylight time on August 7, 2025, and entered for consumption or withdrawn from warehouse for consumption before 12:01 a.m. eastern daylight time on October 5, 2025, except for products described in headings 9903.01.30-9903.01.33 and 9903.02.78, and except as provided for in headings 9903.01.34 and 9903.02.01, articles the product of Iceland, as provided for in subdivision (v) of U.S. note 2 to this subchapter"
India,india,9903.01.55,26,The duty provided in the applicable subheading + 26%,"ended 2026-02-20 (IEEPA tariffs terminated, Executive Order 14389)","Except for goods loaded onto a vessel at the port of loading and in transit on the final mode of transit before 12:01 a.m. eastern daylight time on April 9, 2025, except for products described in headings 9903.01.28-9903.01.33, and except as provided for in heading 9903.01.34, articles the product of India, as provided for in subdivision (v) of U.S. note 2 to this subchapter [Compiler's note: provision terminated. See 90 Fed. Reg. 37963.]"
India,india,9903.01.84,25,The duty provided in the applicable subheading + 25%,"ended 2026-02-20 (IEEPA tariffs terminated, Executive Order 14389)","Except for products described in headings 9903.01.85-9903.01.89, articles the product of India that are entered for consumption, or withdrawn from warehouse for consumption, after 12:01 a.m. eastern daylight time on August 27, 2025, as provided for in subdivision (z) of U.S. note 2 to this subchapter [Compiler's note: provision terminated as of February 7, 2026.]"
India,india,9903.02.26,25,The duty provided in the applicable subheading + 25%,"ended 2026-02-20 (IEEPA tariffs terminated, Executive Order 14389)","Except for goods loaded onto a vessel at the port of loading and in transit on the final mode of transit before 12:01 a.m. eastern daylight time on August 7, 2025, and entered for consumption or withdrawn from warehouse for consumption before 12:01 a.m. eastern daylight time on October 5, 2025, except for products described in headings 9903.01.30-9903.01.33 and 9903.02.78, and except as provided for in headings 9903.01.34 and 9903.02.01, articles the product of India, as provided for in subdivision (v) of U.S. note 2 to this subchapter"
India,india,9903.05.44,10,The duty provided in the applicable subheading + 10%,in force,"Except for products described in headings 9903.05.85–9903.05.92, articles the product of India, as provided for in U.S. note 52 to this subchapter"
India,india,9903.01.85,,The duty provided in the applicable subheading,"ended 2026-02-20 (IEEPA tariffs terminated, Executive Order 14389)","Articles the product of India that (1) were loaded onto a vessel at the port of loading and in transit on the final mode of transit prior to entry into the United States, before 12:01 a.m. eastern daylight time on August 27, 2025; and (2) are entered for consumption, or withdrawn from warehouse for consumption before 12:01 a.m. eastern daylight time on September 17, 2025 [Compiler's note: provision terminated as of February 7, 2026.]"
India,india,9903.01.86,,The duty provided in the applicable subheading,"ended 2026-02-20 (IEEPA tariffs terminated, Executive Order 14389)","Articles the product of India, classified in the subheadings enumerated in subdivision (v)(iii) of U.S. note 2 to this subchapter [Compiler's note: provision terminated as of February 7, 2026.]"
India,india,9903.01.88,,The duty provided in the applicable subheading,"ended 2026-02-20 (IEEPA tariffs terminated, Executive Order 14389)","Articles the product of India that are donations, by persons subject to the jurisdiction of the United States, such as food, clothing, and medicine, intended to be used to relieve human suffering, as provided for in subdivision (z)(xiv) of U.S. note 2 to this subchapter [Compiler's note: provision terminated as of February 7, 2026.]"
India,india,9903.01.89,,The duty provided in the applicable subheading,"ended 2026-02-20 (IEEPA tariffs terminated, Executive Order 14389)","Articles the product of India that are informational materials, including but not limited to, publications, films, posters, phonograph records, photographs, microfilms, microfiche, tapes, compact disks, CD ROMs, artworks, and news wire feeds [Compiler's note: provision terminated as of February 7, 2026.]"
Indonesia,indonesia,9903.02.27,19,The duty provided in the applicable subheading + 19%,"ended 2026-02-20 (IEEPA tariffs terminated, Executive Order 14389)","Except for goods loaded onto a vessel at the port of loading and in transit on the final mode of transit before 12:01 a.m. eastern daylight time on August 7, 2025, and entered for consumption or withdrawn from warehouse for consumption before 12:01 a.m. eastern daylight time on October 5, 2025, except for products described in headings 9903.01.30-9903.01.33 and 9903.02.78, and except as provided for in headings 9903.01.34 and 9903.02.01, articles the product of Indonesia, as provided for in subdivision (v) of U.S. note 2 to this subchapter"
Indonesia,indonesia,9903.05.45,10,The duty provided in the applicable subheading + 10%,in force,"Except for products described in headings 9903.05.85–9903.05.92 and 9903.06.16–9903.06.17, articles the product of Indonesia, as provided for in U.S. note 52 to this subchapter"
Indonesia,indonesia,9903.06.16,,The duty provided in the applicable subheading,in force,"Articles the product of Indonesia, as provided for in subdivision (j)(11)(i) of U.S. note 52 to this subchapter"
Indonesia,indonesia,9903.06.17,,The duty provided in the applicable subheading,in force,"Articles the product of Indonesia, as provided for in subdivision (j)(11)(ii) of U.S. note 52 to this subchapter"
Iraq,iraq,9903.01.68,39,The duty provided in the applicable subheading + 39%,"ended 2026-02-20 (IEEPA tariffs terminated, Executive Order 14389)","Except for goods loaded onto a vessel at the port of loading and in transit on the final mode of transit before 12:01 a.m. eastern daylight time on April 9, 2025, except for products described in headings 9903.01.28-9903.01.33, and except as provided for in heading 9903.01.34, articles the product of Iraq, as provided for in subdivision (v) of U.S. note 2 to this subchapter [Compiler's note: provision terminated. See 90 Fed. Reg. 37963.]"
Iraq,iraq,9903.02.28,35,The duty provided in the applicable subheading + 35%,"ended 2026-02-20 (IEEPA tariffs terminated, Executive Order 14389)","Except for goods loaded onto a vessel at the port of loading and in transit on the final mode of transit before 12:01 a.m. eastern daylight time on August 7, 2025, and entered for consumption or withdrawn from warehouse for consumption before 12:01 a.m. eastern daylight time on October 5, 2025, except for products described in headings 9903.01.30-9903.01.33 and 9903.02.78, and except as provided for in headings 9903.01.34 and 9903.02.01, articles the product of Iraq, as provided for in subdivision (v) of U.S. note 2 to this subchapter"
Iraq,iraq,9903.05.46,12.5,The duty provided in the applicable subheading + 12.5%,in force,"Except for products described in headings 9903.05.85–9903.05.92, articles the product of Iraq, as provided for in U.S. note 52 to this subchapter"
Israel,israel,9903.01.48,17,The duty provided in the applicable subheading + 17%,"ended 2026-02-20 (IEEPA tariffs terminated, Executive Order 14389)","Except for goods loaded onto a vessel at the port of loading and in transit on the final mode of transit before 12:01 a.m. eastern daylight time on April 9, 2025, except for products described in headings 9903.01.28-9903.01.33, and except as provided for in heading 9903.01.34, articles the product of Israel, Malawi, Philippines, or Zambia, as provided for in subdivision (v) of U.S. note 2 to this subchapter [Compiler's note: provision terminated. See 90 Fed. Reg. 37963.]"
Israel,israel,9903.02.29,15,The duty provided in the applicable subheading + 15%,"ended 2026-02-20 (IEEPA tariffs terminated, Executive Order 14389)","Except for goods loaded onto a vessel at the port of loading and in transit on the final mode of transit before 12:01 a.m. eastern daylight time on August 7, 2025, and entered for consumption or withdrawn from warehouse for consumption before 12:01 a.m. eastern daylight time on October 5, 2025, except for products described in headings 9903.01.30-9903.01.33 and 9903.02.78, and except as provided for in headings 9903.01.34 and 9903.02.01, articles the product of Israel, as provided for in subdivision (v) of U.S. note 2 to this subchapter"
Israel,israel,9903.05.47,12.5,The duty provided in the applicable subheading + 12.5%,in force,"Except for products described in headings 9903.05.85–9903.05.92, articles the product of Israel, as provided for in U.S. note 52 to this subchapter"
Japan,japan,9903.02.30,15,The duty provided in the applicable subheading + 15%,"ended 2026-02-20 (IEEPA tariffs terminated, Executive Order 14389)","Except for goods loaded onto a vessel at the port of loading and in transit on the final mode of transit before 12:01 a.m. eastern daylight time on August 7, 2025, and entered for consumption or withdrawn from warehouse for consumption before 12:01 a.m. eastern daylight time on October 5, 2025, except for products described in headings 9903.01.30-9903.01.33 and 9903.02.78, and except as provided for in headings 9903.01.34 and 9903.02.01, articles the product of Japan, as provided for in subdivision (v) of U.S. note 2 to this subchapter [Compiler's note: provision terminated. See 90 Fed. Reg. 44638]"
Japan,japan,9903.02.72,,The duty provided in the applicable subheading,"ended 2026-02-20 (IEEPA tariffs terminated, Executive Order 14389)","Except for goods loaded onto a vessel at the port of loading and in transit on the final mode of transit before 12:01 a.m. eastern daylight time on August 7, 2025, and entered for consumption or withdrawn from warehouse for consumption before 12:01 a.m. eastern daylight time on October 5, 2025, except for products described in headings 9903.01.30-9903.01.33 and 9903.02.78, and except as provided for in headings 9903.01.34, 9903.02.01, and 9903.96.02, articles the product of Japan, with an ad valorem (or ad valorem equivalent) rate of duty under column 1 equal to or greater than 15 percent, as provided for in subdivision (v) of U.S. note 2 to this subchapter"
Japan,japan,9903.02.73,,15%,"ended 2026-02-20 (IEEPA tariffs terminated, Executive Order 14389)","Except for goods loaded onto a vessel at the port of loading and in transit on the final mode of transit before 12:01 a.m. eastern daylight time on August 7, 2025, and entered for consumption or withdrawn from warehouse for consumption before 12:01 a.m. eastern daylight time on October 5, 2025, except for products described in headings 9903.01.30-9903.01.33 and 9903.02.78, and except as provided for in headings 9903.01.34, 9903.02.01, and 9903.96.02, articles the product of Japan, with an ad valorem (or ad valorem equivalent) rate of duty under column 1 less than 15 percent, as provided for in subdivision (v) of U.S. note 2 to this subchapter"
Japan,japan,9903.04.62,,15%,in force,"Patented pharmaceutical articles that are the product of Japan, of a European Union member country, of South Korea, of Switzerland, or of Liechtenstein as provided for in subdivisions (c) and (f) of U.S. note 40 to this subchapter"
Japan,japan,9903.05.48,,The duty provided in the applicable subheading,in force,"Except for products described in headings 9903.05.85–9903.05.92, articles the product of Japan, with an ad valorem (or ad valorem equivalent) rate of duty under column 1 equal to or greater than 12.5 percent, as provided for in U.S. note 52 to this subchapter"
Japan,japan,9903.05.49,,12.5%,in force,"Except for products described in headings 9903.05.85–9903.05.92, articles the product of Japan, with an ad valorem (or ad valorem equivalent) rate of duty under column 1 less than 12.5 percent, as provided for in U.S. note 52 to this subchapter"
Japan,japan,9903.08.24,,15%,in force,"Unmanned aircraft, their parts and components that are the product of Japan, Liechtenstein, South Korea, Switzerland, Taiwan or a member nation of the European Union, as provided for in subdivisions (d) of U.S. note 43 to this subchapter"
Japan,japan,9903.76.21,,15%,in force,Wood products of Japan as provided for in subdivisions (d) and (f) of U.S. note 37 of this subchapter
Japan,japan,9903.94.40,,The duty provided in the applicable subheading,in force,"Passenger vehicles and light trucks that are products of Japan as provided for in subdivision (k) of U.S. note 33 to this subchapter, with an ad valorem (or ad valorem equivalent) rate of duty under column 1 equal to or greater than 15 percent as provided for in subdivision (m) of U.S. note 33 to this subchapter"
Japan,japan,9903.94.41,,15%,in force,"Passenger vehicles and light trucks that are products of Japan provided for in subdivision (k) of U.S. note 33 to this subchapter, with an ad valorem (or ad valorem equivalent) rate of duty under column 1 less than 15 percent as provided for in subdivision (m) of U.S. note 33 to this subchapter."
Japan,japan,9903.94.42,,The duty provided in the applicable subheading,in force,"Parts of passenger vehicles and light trucks that are products of Japan as provided for subdivision (l) of U.S. note 33 to this subchapter, with an ad valorem (or ad valorem equivalent) rate of duty under column 1 equal to or greater than 15 percent as provided for in subdivision (m) of U.S. note 33 to this subchapter."
Japan,japan,9903.94.43,,15%,in force,"Parts of passenger vehicles and light trucks that are products of Japan as provided for in subdivision (l) of U.S. note 33 to this subchapter, with an ad valorem (or ad valorem equivalent) rate of duty under column 1 less than 15 percent as provided for in subdivision (m) of U.S. note 33 to this subchapter."
Japan,japan,9903.94.54,,The duty provided in the applicable subheading,in force,"Automobile parts the product of Japan with an ad valorem (or ad valorem equivalent) rate of duty under column 1 equal to or greater than 15 percent, as provided for in subdivision (r) of U.S. note 33 to this subchapter."
Japan,japan,9903.94.55,,15%,in force,"Automobile parts the product of Japan with an ad valorem (or ad valorem equivalent) rate of duty under column 1 less than 15 percent, as provided for in subdivision (r) of U.S. note 33 to this subchapter."
Jordan,jordan,9903.01.50,20,The duty provided in the applicable subheading + 20%,"ended 2026-02-20 (IEEPA tariffs terminated, Executive Order 14389)","Except for goods loaded onto a vessel at the port of loading and in transit on the final mode of transit before 12:01 a.m. eastern daylight time on April 9, 2025, except for products described in headings 9903.01.28-9903.01.33, and except as provided for in heading 9903.01.34, articles the product of the European Union or Jordan as provided for in subdivision (v) of U.S. note 2 to this subchapter [Compiler's note: provision terminated. See 90 Fed. Reg. 37963.]"
Jordan,jordan,9903.02.31,15,The duty provided in the applicable subheading + 15%,"ended 2026-02-20 (IEEPA tariffs terminated, Executive Order 14389)","Except for goods loaded onto a vessel at the port of loading and in transit on the final mode of transit before 12:01 a.m. eastern daylight time on August 7, 2025, and entered for consumption or withdrawn from warehouse for consumption before 12:01 a.m. eastern daylight time on October 5, 2025, except for products described in headings 9903.01.30-9903.01.33 and 9903.02.78, and except as provided for in headings 9903.01.34 and 9903.02.01, articles the product of Jordan, as provided for in subdivision (v) of U.S. note 2 to this subchapter"
Jordan,jordan,9903.05.50,10,The duty provided in the applicable subheading + 10%,in force,"Except for products described in headings 9903.05.85–9903.05.92 and 9903.06.20–9903.06.21, articles the product of Jordan, as provided for in U.S. note 52 to this subchapter"
Jordan,jordan,9903.06.20,,The duty provided in the applicable subheading,in force,"Articles the product of Jordan, as provided for in subdivision (j)(13)(i) of U.S. note 52 to this subchapter"
Jordan,jordan,9903.06.21,,The duty provided in the applicable subheading,in force,"Articles the product of Jordan, as provided for in subdivision (j)(13)(ii) of U.S. note 52 to this subchapter"
Kazakhstan,kazakhstan,9903.01.56,27,The duty provided in the applicable subheading + 27%,"ended 2026-02-20 (IEEPA tariffs terminated, Executive Order 14389)","Except for goods loaded onto a vessel at the port of loading and in transit on the final mode of transit before 12:01 a.m. eastern daylight time on April 9, 2025, except for products described in headings 9903.01.28-9903.01.33, and except as provided for in heading 9903.01.34, articles the product of Kazakhstan, as provided for in subdivision (v) of U.S. note 2 to this subchapter [Compiler's note: provision terminated. See 90 Fed. Reg. 37963.]"
Kazakhstan,kazakhstan,9903.02.32,25,The duty provided in the applicable subheading + 25%,"ended 2026-02-20 (IEEPA tariffs terminated, Executive Order 14389)","Except for goods loaded onto a vessel at the port of loading and in transit on the final mode of transit before 12:01 a.m. eastern daylight time on August 7, 2025, and entered for consumption or withdrawn from warehouse for consumption before 12:01 a.m. eastern daylight time on October 5, 2025, except for products described in headings 9903.01.30-9903.01.33 and 9903.02.78, and except as provided for in headings 9903.01.34 and 9903.02.01, articles the product of Kazakhstan, as provided for in subdivision (v) of U.S. note 2 to this subchapter"
Kazakhstan,kazakhstan,9903.05.51,12.5,The duty provided in the applicable subheading + 12.5%,in force,"Except for products described in headings 9903.05.85–9903.05.92, articles the product of Kazakhstan, as provided for in U.S. note 52 to this subchapter"
Kuwait,kuwait,9903.05.52,12.5,The duty provided in the applicable subheading + 12.5%,in force,"Except for products described in headings 9903.05.85–9903.05.92, articles the product of Kuwait, as provided for in U.S. note 52 to this subchapter"
Laos,laos,9903.01.74,48,The duty provided in the applicable subheading + 48%,"ended 2026-02-20 (IEEPA tariffs terminated, Executive Order 14389)","Except for goods loaded onto a vessel at the port of loading and in transit on the final mode of transit before 12:01 a.m. eastern daylight time on April 9, 2025, except for products described in headings 9903.01.28-9903.01.33, and except as provided for in heading 9903.01.34, articles the product of Laos, as provided for in subdivision (v) of U.S. note 2 to this subchapter [Compiler's note: provision terminated. See 90 Fed. Reg. 37963.]"
Laos,laos,9903.02.33,40,The duty provided in the applicable subheading + 40%,"ended 2026-02-20 (IEEPA tariffs terminated, Executive Order 14389)","Except for goods loaded onto a vessel at the port of loading and in transit on the final mode of transit before 12:01 a.m. eastern daylight time on August 7, 2025, and entered for consumption or withdrawn from warehouse for consumption before 12:01 a.m. eastern daylight time on October 5, 2025, except for products described in headings 9903.01.30-9903.01.33 and 9903.02.78, and except as provided for in headings 9903.01.34 and 9903.02.01, articles the product of Laos, as provided for in subdivision (v) of U.S. note 2 to this subchapter"
Lesotho,lesotho,9903.01.76,50,The duty provided in the applicable subheading + 50%,"ended 2026-02-20 (IEEPA tariffs terminated, Executive Order 14389)","Except for goods loaded onto a vessel at the port of loading and in transit on the final mode of transit before 12:01 a.m. eastern daylight time on April 9, 2025, except for products described in headings 9903.01.28-9903.01.33, and except as provided for in heading 9903.01.34, articles the product of Lesotho, as provided for in subdivision (v) of U.S. note 2 to this subchapter [Compiler's note: provision terminated. See 90 Fed. Reg. 37963.]"
Lesotho,lesotho,9903.02.34,15,The duty provided in the applicable subheading + 15%,"ended 2026-02-20 (IEEPA tariffs terminated, Executive Order 14389)","Except for goods loaded onto a vessel at the port of loading and in transit on the final mode of transit before 12:01 a.m. eastern daylight time on August 7, 2025, and entered for consumption or withdrawn from warehouse for consumption before 12:01 a.m. eastern daylight time on October 5, 2025, except for products described in headings 9903.01.30-9903.01.33 and 9903.02.78, and except as provided for in headings 9903.01.34 and 9903.02.01, articles the product of Lesotho, as provided for in subdivision (v) of U.S. note 2 to this subchapter"
Libya,libya,9903.01.60,31,The duty provided in the applicable subheading + 31%,"ended 2026-02-20 (IEEPA tariffs terminated, Executive Order 14389)","Except for goods loaded onto a vessel at the port of loading and in transit on the final mode of transit before 12:01 a.m. eastern daylight time on April 9, 2025, except for products described in headings 9903.01.28-9903.01.33, and except as provided for in heading 9903.01.34, articles the product of Libya, Moldova, or Switzerland, as provided for in subdivision (v) of U.S. note 2 to this subchapter [Compiler's note: provision terminated. See 90 Fed. Reg. 37963.]"
Libya,libya,9903.02.35,30,The duty provided in the applicable subheading + 30%,"ended 2026-02-20 (IEEPA tariffs terminated, Executive Order 14389)","Except for goods loaded onto a vessel at the port of loading and in transit on the final mode of transit before 12:01 a.m. eastern daylight time on August 7, 2025, and entered for consumption or withdrawn from warehouse for consumption before 12:01 a.m. eastern daylight time on October 5, 2025, except for products described in headings 9903.01.30-9903.01.33 and 9903.02.78, and except as provided for in headings 9903.01.34 and 9903.02.01, articles the product of Libya, as provided for in subdivision (v) of U.S. note 2 to this subchapter"
Libya,libya,9903.05.53,12.5,The duty provided in the applicable subheading + 12.5%,in force,"Except for products described in headings 9903.05.85–9903.05.92, articles the product of Libya, as provided for in U.S. note 52 to this subchapter"
Liechtenstein,liechtenstein,9903.02.36,15,The duty provided in the applicable subheading + 15%,"ended 2026-02-20 (IEEPA tariffs terminated, Executive Order 14389)","Except for goods loaded onto a vessel at the port of loading and in transit on the final mode of transit before 12:01 a.m. eastern daylight time on August 7, 2025, and entered for consumption or withdrawn from warehouse for consumption before 12:01 a.m. eastern daylight time on October 5, 2025, except for products described in headings 9903.01.30-9903.01.33 and 9903.02.78, and except as provided for in headings 9903.01.34 and 9903.02.01, articles the product of Liechtenstein, as provided for in subdivision (v) of U.S. note 2 to this subchapter [Compiler's note: provision terminated. See 90 Fed. Reg. 59281.]"
Liechtenstein,liechtenstein,9903.02.87,,The duty provided in the applicable subheading,"ended 2026-02-20 (IEEPA tariffs terminated, Executive Order 14389)","Except for products described in headings 9903.01.30–9903.01.33, 9903.02.78, and 9903.02.89–9903.02.91, and except as provided for in headings 9903.01.34 and 9903.02.01, articles the product of Liechtenstein, with an ad valorem (or ad valorem equivalent) rate of duty under column 1-General equal to or greater than 15 percent, as provided for in subdivision (v) of U.S. note 2 to this subchapter"
Liechtenstein,liechtenstein,9903.02.88,,15%,"ended 2026-02-20 (IEEPA tariffs terminated, Executive Order 14389)","Except for products described in headings 9903.01.30–9903.01.33, 9903.02.78, and 9903.02.89–9903.02.91, and except as provided for in headings 9903.01.34 and 9903.02.01, articles the product of Liechtenstein, with an ad valorem (or ad valorem equivalent) rate of duty under column 1-General less than 15 percent, as provided for in subdivision (v) of U.S. note 2 to this subchapter"
Liechtenstein,liechtenstein,9903.02.89,,The duty provided in the applicable subheading,"ended 2026-02-20 (IEEPA tariffs terminated, Executive Order 14389)","Articles the product of Liechtenstein, as provided for in subdivision (v)(xxv)(b) of U.S. note 2 to this subchapter"
Liechtenstein,liechtenstein,9903.02.91,,The duty provided in the applicable subheading,"ended 2026-02-20 (IEEPA tariffs terminated, Executive Order 14389)","Articles the product of Liechtenstein that are non-patented articles for use in pharmaceutical applications, provided for in subdivision (v)(xxv)(d) of U.S. note 2 to this subchapter"
Madagascar,madagascar,9903.01.73,47,The duty provided in the applicable subheading + 47%,"ended 2026-02-20 (IEEPA tariffs terminated, Executive Order 14389)","Except for goods loaded onto a vessel at the port of loading and in transit on the final mode of transit before 12:01 a.m. eastern daylight time on April 9, 2025, except for products described in headings 9903.01.28-9903.01.33, and except as provided for in heading 9903.01.34, articles the product of Madagascar, as provided for in subdivision (v) of U.S. note 2 to this subchapter [Compiler's note: provision terminated. See 90 Fed. Reg. 37963.]"
Madagascar,madagascar,9903.02.37,15,The duty provided in the applicable subheading + 15%,"ended 2026-02-20 (IEEPA tariffs terminated, Executive Order 14389)","Except for goods loaded onto a vessel at the port of loading and in transit on the final mode of transit before 12:01 a.m. eastern daylight time on August 7, 2025, and entered for consumption or withdrawn from warehouse for consumption before 12:01 a.m. eastern daylight time on October 5, 2025, except for products described in headings 9903.01.30-9903.01.33 and 9903.02.78, and except as provided for in headings 9903.01.34 and 9903.02.01, articles the product of Madagascar, as provided for in subdivision (v) of U.S. note 2 to this subchapter"
Malawi,malawi,9903.02.38,15,The duty provided in the applicable subheading + 15%,"ended 2026-02-20 (IEEPA tariffs terminated, Executive Order 14389)","Except for goods loaded onto a vessel at the port of loading and in transit on the final mode of transit before 12:01 a.m. eastern daylight time on August 7, 2025, and entered for consumption or withdrawn from warehouse for consumption before 12:01 a.m. eastern daylight time on October 5, 2025, except for products described in headings 9903.01.30-9903.01.33 and 9903.02.78, and except as provided for in headings 9903.01.34 and 9903.02.01, articles the product of Malawi, as provided for in subdivision (v) of U.S. note 2 to this subchapter"
Malaysia,malaysia,9903.02.39,19,The duty provided in the applicable subheading + 19%,"ended 2026-02-20 (IEEPA tariffs terminated, Executive Order 14389)","Except for goods loaded onto a vessel at the port of loading and in transit on the final mode of transit before 12:01 a.m. eastern daylight time on August 7, 2025, and entered for consumption or withdrawn from warehouse for consumption before 12:01 a.m. eastern daylight time on October 5, 2025, except for products described in headings 9903.01.30-9903.01.33 and 9903.02.78, and except as provided for in headings 9903.01.34 and 9903.02.01, articles the product of Malaysia, as provided for in subdivision (v) of U.S. note 2 to this subchapter"
Malaysia,malaysia,9903.05.54,10,The duty provided in the applicable subheading + 10%,in force,"Except for products described in headings 9903.05.85–9903.05.92 and 9903.05.99–9903.06.01, articles the product of Malaysia, as provided for in U.S. note 52 to this subchapter"
Malaysia,malaysia,9903.05.99,,The duty provided in the applicable subheading,in force,"Articles the product of Malaysia, as provided for in subdivision (j)(4)(i) of U.S. note 52 to this subchapter"
Malaysia,malaysia,9903.06.01,,The duty provided in the applicable subheading,in force,"Articles the product of Malaysia, as provided for in subdivision (j)(4)(ii) of U.S. note 52 to this subchapter"
Mauritius,mauritius,9903.01.69,40,The duty provided in the applicable subheading + 40%,"ended 2026-02-20 (IEEPA tariffs terminated, Executive Order 14389)","Except for goods loaded onto a vessel at the port of loading and in transit on the final mode of transit before 12:01 a.m. eastern daylight time on April 9, 2025, except for products described in headings 9903.01.28-9903.01.33, and except as provided for in heading 9903.01.34, articles the product of Mauritius, as provided for in subdivision (v) of U.S. note 2 to this subchapter [Compiler's note: provision terminated. See 90 Fed. Reg. 37963.]"
Mauritius,mauritius,9903.02.40,15,The duty provided in the applicable subheading + 15%,"ended 2026-02-20 (IEEPA tariffs terminated, Executive Order 14389)","Except for goods loaded onto a vessel at the port of loading and in transit on the final mode of transit before 12:01 a.m. eastern daylight time on August 7, 2025, and entered for consumption or withdrawn from warehouse for consumption before 12:01 a.m. eastern daylight time on October 5, 2025, except for products described in headings 9903.01.30-9903.01.33 and 9903.02.78, and except as provided for in headings 9903.01.34 and 9903.02.01, articles the product of Mauritius, as provided for in subdivision (v) of U.S. note 2 to this subchapter"
Mexico,mexico,9903.01.01,25,The duty provided in the applicable subheading + 25%,"ended 2026-02-20 (IEEPA tariffs terminated, Executive Order 14389)","Except for products described in headings 9903.01.02, 9903.01.03, 9903.01.04 and 9903.01.05 articles the product of Mexico, as provided for in U.S. note 2(a) to this subchapter"
Mexico,mexico,9903.01.05,10,The duty provided in the applicable subheading + 10%,"ended 2026-02-20 (IEEPA tariffs terminated, Executive Order 14389)","Potash that is a product of Mexico, as provided for in U.S. note 2(c) to this subchapter"
Mexico,mexico,9903.05.55,10,The duty provided in the applicable subheading + 10%,in force,"Except for products described in headings 9903.05.85–9903.05.92 and 9903.05.94, articles the product of Mexico, as provided for in U.S. note 52 to this subchapter"
Mexico,mexico,9903.01.02,,The duty provided in the applicable subheading,"ended 2026-02-20 (IEEPA tariffs terminated, Executive Order 14389)","Articles the product of Mexico that are donations, by persons subject to the jurisdiction of the United States, of articles, such as food, clothing, and medicine, intended to be used to relieve human suffering, as provided for in U.S. note 2(b) to this subchapter"
Mexico,mexico,9903.01.03,,The duty provided in the applicable subheading,"ended 2026-02-20 (IEEPA tariffs terminated, Executive Order 14389)","Articles the product of Mexico that are informational materials, including but not limited to, publications, films, posters, phonograph records, photographs, microfilms, microfiche, tapes, compact disks, CD ROMs, artworks, and news wire feeds"
Mexico,mexico,9903.01.27,,The duty provided in the applicable subheading,"ended 2026-02-20 (IEEPA tariffs terminated, Executive Order 14389)","Articles the product of Mexico, as provided for in subdivision (v)(v) of U.S. note 2 to this subchapter"
Mexico,mexico,9903.03.08,,The duty provided in the applicable subheading,ended 2026-07-23 (Section 122 surcharge expired),"Articles the product of Mexico, as provided for in subdivision (aa)(vii) of U.S. note 2 to this subchapter"
Mexico,mexico,9903.05.94,,The duty provided in the applicable subheading,in force,"Articles the product of Mexico, as provided for in subdivision (h) of U.S. note 52 to this subchapter"
Moldova,moldova,9903.02.41,25,The duty provided in the applicable subheading + 25%,"ended 2026-02-20 (IEEPA tariffs terminated, Executive Order 14389)","Except for goods loaded onto a vessel at the port of loading and in transit on the final mode of transit before 12:01 a.m. eastern daylight time on August 7, 2025, and entered for consumption or withdrawn from warehouse for consumption before 12:01 a.m. eastern daylight time on October 5, 2025, except for products described in headings 9903.01.30-9903.01.33 and 9903.02.78, and except as provided for in headings 9903.01.34 and 9903.02.01, articles the product of Moldova, as provided for in subdivision (v) of U.S. note 2 to this subchapter"
Morocco,morocco,9903.05.56,12.5,The duty provided in the applicable subheading + 12.5%,in force,"Except for products described in headings 9903.05.85–9903.05.92, articles the product of Morocco, as provided for in U.S. note 52 to this subchapter"
Mozambique,mozambique,9903.01.47,16,The duty provided in the applicable subheading + 16%,"ended 2026-02-20 (IEEPA tariffs terminated, Executive Order 14389)","Except for goods loaded onto a vessel at the port of loading and in transit on the final mode of transit before 12:01 a.m. eastern daylight time on April 9, 2025, except for products described in headings 9903.01.28-9903.01.33, and except as provided for in heading 9903.01.34, articles the product of Mozambique, as provided for in subdivision (v) of U.S. note 2 to this subchapter [Compiler's note: provision terminated. See 90 Fed. Reg. 37963.]"
Mozambique,mozambique,9903.02.42,15,The duty provided in the applicable subheading + 15%,"ended 2026-02-20 (IEEPA tariffs terminated, Executive Order 14389)","Except for goods loaded onto a vessel at the port of loading and in transit on the final mode of transit before 12:01 a.m. eastern daylight time on August 7, 2025, and entered for consumption or withdrawn from warehouse for consumption before 12:01 a.m. eastern daylight time on October 5, 2025, except for products described in headings 9903.01.30-9903.01.33 and 9903.02.78, and except as provided for in headings 9903.01.34 and 9903.02.01, articles the product of Mozambique, as provided for in subdivision (v) of U.S. note 2 to this subchapter"
Namibia,namibia,9903.02.44,15,The duty provided in the applicable subheading + 15%,"ended 2026-02-20 (IEEPA tariffs terminated, Executive Order 14389)","Except for goods loaded onto a vessel at the port of loading and in transit on the final mode of transit before 12:01 a.m. eastern daylight time on August 7, 2025, and entered for consumption or withdrawn from warehouse for consumption before 12:01 a.m. eastern daylight time on October 5, 2025, except for products described in headings 9903.01.30-9903.01.33 and 9903.02.78, and except as provided for in headings 9903.01.34 and 9903.02.01, articles the product of Namibia, as provided for in subdivision (v) of U.S. note 2 to this subchapter"
Nauru,nauru,9903.02.45,15,The duty provided in the applicable subheading + 15%,"ended 2026-02-20 (IEEPA tariffs terminated, Executive Order 14389)","Except for goods loaded onto a vessel at the port of loading and in transit on the final mode of transit before 12:01 a.m. eastern daylight time on August 7, 2025, and entered for consumption or withdrawn from warehouse for consumption before 12:01 a.m. eastern daylight time on October 5, 2025, except for products described in headings 9903.01.30-9903.01.33 and 9903.02.78, and except as provided for in headings 9903.01.34 and 9903.02.01, articles the product of Nauru, as provided for in subdivision (v) of U.S. note 2 to this subchapter"
New Zealand,new-zealand,9903.02.46,15,The duty provided in the applicable subheading + 15%,"ended 2026-02-20 (IEEPA tariffs terminated, Executive Order 14389)","Except for goods loaded onto a vessel at the port of loading and in transit on the final mode of transit before 12:01 a.m. eastern daylight time on August 7, 2025, and entered for consumption or withdrawn from warehouse for consumption before 12:01 a.m. eastern daylight time on October 5, 2025, except for products described in headings 9903.01.30-9903.01.33 and 9903.02.78, and except as provided for in headings 9903.01.34 and 9903.02.01, articles the product of New Zealand, as provided for in subdivision (v) of U.S. note 2 to this subchapter"
New Zealand,new-zealand,9903.05.57,12.5,The duty provided in the applicable subheading + 12.5%,in force,"Except for products described in headings 9903.05.85–9903.05.92, articles the product of New Zealand, as provided for in U.S. note 52 to this subchapter"
Nicaragua,nicaragua,9903.01.49,18,The duty provided in the applicable subheading + 18%,"ended 2026-02-20 (IEEPA tariffs terminated, Executive Order 14389)","Except for goods loaded onto a vessel at the port of loading and in transit on the final mode of transit before 12:01 a.m. eastern daylight time on April 9, 2025, except for products described in headings 9903.01.28-9903.01.33, and except as provided for in heading 9903.01.34, articles the product of Nicaragua or Zimbabwe, as provided for in subdivision (v) of U.S. note 2 to this subchapter [Compiler's note: provision terminated. See 90 Fed. Reg. 37963.]"
Nicaragua,nicaragua,9903.02.47,18,The duty provided in the applicable subheading + 18%,"ended 2026-02-20 (IEEPA tariffs terminated, Executive Order 14389)","Except for goods loaded onto a vessel at the port of loading and in transit on the final mode of transit before 12:01 a.m. eastern daylight time on August 7, 2025, and entered for consumption or withdrawn from warehouse for consumption before 12:01 a.m. eastern daylight time on October 5, 2025, except for products described in headings 9903.01.30-9903.01.33 and 9903.02.78, and except as provided for in headings 9903.01.34 and 9903.02.01, articles the product of Nicaragua, as provided for in subdivision (v) of U.S. note 2 to this subchapter"
Nicaragua,nicaragua,9903.05.58,12.5,The duty provided in the applicable subheading + 12.5%,in force,"Except for products described in headings 9903.05.85–9903.05.92 and 9903.05.95, articles the product of Nicaragua, as provided for in U.S. note 52 to this subchapter"
Nicaragua,nicaragua,9903.89.01,0,The duty provided in the applicable subheading + 0%,in force,"Articles the product of Nicaragua, as provided for in U.S. note 29 to this subchapter"
Nigeria,nigeria,9903.02.48,15,The duty provided in the applicable subheading + 15%,"ended 2026-02-20 (IEEPA tariffs terminated, Executive Order 14389)","Except for goods loaded onto a vessel at the port of loading and in transit on the final mode of transit before 12:01 a.m. eastern daylight time on August 7, 2025, and entered for consumption or withdrawn from warehouse for consumption before 12:01 a.m. eastern daylight time on October 5, 2025, except for products described in headings 9903.01.30-9903.01.33 and 9903.02.78, and except as provided for in headings 9903.01.34 and 9903.02.01, articles the product of Nigeria, as provided for in subdivision (v) of U.S. note 2 to this subchapter"
Nigeria,nigeria,9903.01.45,14,The duty provided in the applicable subheading + 14%,"ended 2026-02-20 (IEEPA tariffs terminated, Executive Order 14389)","Except for goods loaded onto a vessel at the port of loading and in transit on the final mode of transit before 12:01 a.m. eastern daylight time on April 9, 2025, except for products described in headings 9903.01.28-9903.01.33, and except as provided for in heading 9903.01.34, articles the product of Nigeria, as provided for in subdivision (v) of U.S. note 2 to this subchapter [Compiler's note: provision terminated. See 90 Fed. Reg. 37963.]"
Nigeria,nigeria,9903.05.59,12.5,The duty provided in the applicable subheading + 12.5%,in force,"Except for products described in headings 9903.05.85–9903.05.92, articles the product of Nigeria, as provided for in U.S. note 52 to this subchapter"
North Macedonia,north-macedonia,9903.01.62,33,The duty provided in the applicable subheading + 33%,"ended 2026-02-20 (IEEPA tariffs terminated, Executive Order 14389)","Except for goods loaded onto a vessel at the port of loading and in transit on the final mode of transit before 12:01 a.m. eastern daylight time on April 9, 2025, except for products described in headings 9903.01.28-9903.01.33, and except as provided for in heading 9903.01.34, articles the product of North Macedonia, as provided for in subdivision (v) of U.S. note 2 to this subchapter [Compiler's note: provision terminated. See 90 Fed. Reg. 37963.]"
North Macedonia,north-macedonia,9903.02.49,15,The duty provided in the applicable subheading + 15%,"ended 2026-02-20 (IEEPA tariffs terminated, Executive Order 14389)","Except for goods loaded onto a vessel at the port of loading and in transit on the final mode of transit before 12:01 a.m. eastern daylight time on August 7, 2025, and entered for consumption or withdrawn from warehouse for consumption before 12:01 a.m. eastern daylight time on October 5, 2025, except for products described in headings 9903.01.30-9903.01.33 and 9903.02.78, and except as provided for in headings 9903.01.34 and 9903.02.01, articles the product of North Macedonia, as provided for in subdivision (v) of U.S. note 2 to this subchapter"
Norway,norway,9903.01.46,15,The duty provided in the applicable subheading + 15%,"ended 2026-02-20 (IEEPA tariffs terminated, Executive Order 14389)","Except for goods loaded onto a vessel at the port of loading and in transit on the final mode of transit before 12:01 a.m. eastern daylight time on April 9, 2025, except for products described in headings 9903.01.28-9903.01.33, and except as provided for in heading 9903.01.34, articles the product of Norway or Venezuela, as provided for in subdivision (v) of U.S. note 2 to this subchapter [Compiler's note: provision terminated. See 90 Fed. Reg. 37963.]"
Norway,norway,9903.02.50,15,The duty provided in the applicable subheading + 15%,"ended 2026-02-20 (IEEPA tariffs terminated, Executive Order 14389)","Except for goods loaded onto a vessel at the port of loading and in transit on the final mode of transit before 12:01 a.m. eastern daylight time on August 7, 2025, and entered for consumption or withdrawn from warehouse for consumption before 12:01 a.m. eastern daylight time on October 5, 2025, except for products described in headings 9903.01.30-9903.01.33 and 9903.02.78, and except as provided for in headings 9903.01.34 and 9903.02.01, articles the product of Norway, as provided for in subdivision (v) of U.S. note 2 to this subchapter"
Norway,norway,9903.05.60,12.5,The duty provided in the applicable subheading + 12.5%,in force,"Except for products described in headings 9903.05.85–9903.05.92, articles the product of Norway, as provided for in U.S. note 52 to this subchapter"
Oman,oman,9903.05.61,12.5,The duty provided in the applicable subheading + 12.5%,in force,"Except for products described in headings 9903.05.85–9903.05.92, articles the product of Oman, as provided for in U.S. note 52 to this subchapter"
Pakistan,pakistan,9903.01.58,29,The duty provided in the applicable subheading + 29%,"ended 2026-02-20 (IEEPA tariffs terminated, Executive Order 14389)","Except for goods loaded onto a vessel at the port of loading and in transit on the final mode of transit before 12:01 a.m. eastern daylight time on April 9, 2025, except for products described in headings 9903.01.28-9903.01.33, and except as provided for in heading 9903.01.34, articles the product of Pakistan, as provided for in subdivision (v) of U.S. note 2 to this subchapter [Compiler's note: provision terminated. See 90 Fed. Reg. 37963.]"
Pakistan,pakistan,9903.02.51,19,The duty provided in the applicable subheading + 19%,"ended 2026-02-20 (IEEPA tariffs terminated, Executive Order 14389)","Except for goods loaded onto a vessel at the port of loading and in transit on the final mode of transit before 12:01 a.m. eastern daylight time on August 7, 2025, and entered for consumption or withdrawn from warehouse for consumption before 12:01 a.m. eastern daylight time on October 5, 2025, except for products described in headings 9903.01.30-9903.01.33 and 9903.02.78, and except as provided for in headings 9903.01.34 and 9903.02.01, articles the product of Pakistan, as provided for in subdivision (v) of U.S. note 2 to this subchapter"
Pakistan,pakistan,9903.05.62,10,The duty provided in the applicable subheading + 10%,in force,"Except for products described in headings 9903.05.85–9903.05.92, articles the product of Pakistan, as provided for in U.S. note 52 to this subchapter"
Papua New Guinea,papua-new-guinea,9903.02.52,15,The duty provided in the applicable subheading + 15%,"ended 2026-02-20 (IEEPA tariffs terminated, Executive Order 14389)","Except for goods loaded onto a vessel at the port of loading and in transit on the final mode of transit before 12:01 a.m. eastern daylight time on August 7, 2025, and entered for consumption or withdrawn from warehouse for consumption before 12:01 a.m. eastern daylight time on October 5, 2025, except for products described in headings 9903.01.30-9903.01.33 and 9903.02.78, and except as provided for in headings 9903.01.34 and 9903.02.01, articles the product of Papua New Guinea, as provided for in subdivision (v) of U.S. note 2 to this subchapter"
Peru,peru,9903.05.63,12.5,The duty provided in the applicable subheading + 12.5%,in force,"Except for products described in headings 9903.05.85–9903.05.92, articles the product of Peru, as provided for in U.S. note 52 to this subchapter"
Philippines,philippines,9903.02.53,19,The duty provided in the applicable subheading + 19%,"ended 2026-02-20 (IEEPA tariffs terminated, Executive Order 14389)","Except for goods loaded onto a vessel at the port of loading and in transit on the final mode of transit before 12:01 a.m. eastern daylight time on August 7, 2025, and entered for consumption or withdrawn from warehouse for consumption before 12:01 a.m. eastern daylight time on October 5, 2025, except for products described in headings 9903.01.30-9903.01.33 and 9903.02.78, and except as provided for in headings 9903.01.34 and 9903.02.01, articles the product of the Philippines, as provided for in subdivision (v) of U.S. note 2 to this subchapter"
Philippines,philippines,9903.05.64,12.5,The duty provided in the applicable subheading + 12.5%,in force,"Except for products described in headings 9903.05.85–9903.05.92, articles the product of the Philippines, as provided for in U.S. note 52 to this subchapter"
Qatar,qatar,9903.05.65,12.5,The duty provided in the applicable subheading + 12.5%,in force,"Except for products described in headings 9903.05.85–9903.05.92, articles the product of Qatar, as provided for in U.S. note 52 to this subchapter"
Russia,russia,9903.85.67,200,The duty provided in the applicable subheading + 200%,in force,"Aluminum articles that are the product of Russia, or where any amount of primary aluminum used in the manufacture of the aluminum articles is smelted in Russia, or where the aluminum articles are cast in Russia, the foregoing under the terms of note 19(a)(vii)(A) to this subchapter, or note 19(m)(A) to this subchapter, as applicable per the date of entry for consumption or withdrawal from warehouse for consumption, except any exclusions that may be determined and announced by the Department of Commerce"
Russia,russia,9903.85.68,200,The duty provided in the applicable subheading + 200%,in force,"Derivative aluminum articles that are products of Russia, or where any amount of primary aluminum used in the manufacture of the derivative articles is smelted in Russia, or where the derivative aluminum articles are cast in Russia, when such derivative articles are provided for in the headings or subheadings enumerated in note 19(a)(iii) to this subchapter, or notes 19(i), 19(j) or 19(k) to this subchapter, as applicable per the date of entry for consumption or withdrawal from warehouse for consumption, except any exclusions that may be determined and announced by the Department of Commerce"
Russia,russia,9903.05.66,12.5,The duty provided in the applicable subheading + 12.5%,in force,"Except for products described in headings 9903.05.85–9903.05.92, articles the product of Russia, as provided for in U.S. note 52 to this subchapter"
Russian Federation,russian-federation,9903.82.14,50,The duty provided in the applicable subheading + 50%,in force,"Articles of steel or of copper and derivative steel the product of the Russian Federation, as provided for in subdivisions (c)(iii)–(v) of U.S. note 16 to this subchapter"
Russian Federation,russian-federation,9903.82.16,25,The duty provided in the applicable subheading + 25%,in force,"Articles of copper and derivative steel the product of the Russian Federation, as provided for in subdivisions (c)(vii)–(viii) and (xi) of U.S. note 16 to this subchapter"
Russian Federation,russian-federation,9903.82.17,25,The duty provided in the applicable subheading + 25%,in force,"Derivative steel articles the product of the Russian Federation, as provided for in subdivision (c)(x) of U.S. note 16 to this subchapter"
Russian Federation,russian-federation,9903.82.15,10,The duty provided in the applicable subheading + 10%,in force,"Articles of copper and derivative steel the product of the Russian Federation, as provided for in subdivisions (c)(iv), (vii), (viii), (xi) and (e) of U.S. note 16 to this subchapter"
Saudi Arabia,saudi-arabia,9903.05.67,12.5,The duty provided in the applicable subheading + 12.5%,in force,"Except for products described in headings 9903.05.85–9903.05.92, articles the product of Saudi Arabia, as provided for in U.S. note 52 to this subchapter"
Serbia,serbia,9903.02.54,35,The duty provided in the applicable subheading + 35%,"ended 2026-02-20 (IEEPA tariffs terminated, Executive Order 14389)","Except for goods loaded onto a vessel at the port of loading and in transit on the final mode of transit before 12:01 a.m. eastern daylight time on August 7, 2025, and entered for consumption or withdrawn from warehouse for consumption before 12:01 a.m. eastern daylight time on October 5, 2025, except for products described in headings 9903.01.30-9903.01.33 and 9903.02.78, and except as provided for in headings 9903.01.34 and 9903.02.01, articles the product of Serbia, as provided for in subdivision (v) of U.S. note 2 to this subchapter"
Singapore,singapore,9903.05.68,12.5,The duty provided in the applicable subheading + 12.5%,in force,"Except for products described in headings 9903.05.85–9903.05.92, articles the product of Singapore, as provided for in U.S. note 52 to this subchapter"
South Africa,south-africa,9903.02.55,30,The duty provided in the applicable subheading + 30%,"ended 2026-02-20 (IEEPA tariffs terminated, Executive Order 14389)","Except for goods loaded onto a vessel at the port of loading and in transit on the final mode of transit before 12:01 a.m. eastern daylight time on August 7, 2025, and entered for consumption or withdrawn from warehouse for consumption before 12:01 a.m. eastern daylight time on October 5, 2025, except for products described in headings 9903.01.30-9903.01.33 and 9903.02.78, and except as provided for in headings 9903.01.34 and 9903.02.01, articles the product of South Africa, as provided for in subdivision (v) of U.S. note 2 to this subchapter"
South Africa,south-africa,9903.05.69,12.5,The duty provided in the applicable subheading + 12.5%,in force,"Except for products described in headings 9903.05.85–9903.05.92, articles the product of South Africa, as provided for in U.S. note 52 to this subchapter"
South Korea,south-korea,9903.01.54,25,The duty provided in the applicable subheading + 25%,"ended 2026-02-20 (IEEPA tariffs terminated, Executive Order 14389)","Except for goods loaded onto a vessel at the port of loading and in transit on the final mode of transit before 12:01 a.m. eastern daylight time on April 9, 2025, except for products described in headings 9903.01.28-9903.01.33, and except as provided for in heading 9903.01.34, articles the product of South Korea, as provided for in subdivision (v) of U.S. note 2 to this subchapter [Compiler's note: provision terminated. See 90 Fed. Reg. 37963.]"
South Korea,south-korea,9903.02.56,15,The duty provided in the applicable subheading + 15%,"ended 2026-02-20 (IEEPA tariffs terminated, Executive Order 14389)","Except for goods loaded onto a vessel at the port of loading and in transit on the final mode of transit before 12:01 a.m. eastern daylight time on August 7, 2025, and entered for consumption or withdrawn from warehouse for consumption before 12:01 a.m. eastern daylight time on October 5, 2025, except for products described in headings 9903.01.30-9903.01.33 and 9903.02.78, and except as provided for in headings 9903.01.34 and 9903.02.01, articles the product of South Korea, as provided for in subdivision (v) of U.S. note 2 to this subchapter [Compiler's note: This provision was terminated on November 14, 2025. See 90 Fed. Reg. 55964]"
South Korea,south-korea,9903.02.79,,The duty provided in the applicable subheading,"ended 2026-02-20 (IEEPA tariffs terminated, Executive Order 14389)","Except for products described in headings 9903.01.30–9903.01.33, 9903.02.78, and 9903.02.81, and except as provided for in headings 9903.01.34, 9903.02.01, articles the product of South Korea, with an ad valorem (or ad valorem equivalent) rate of duty under column 1-General or column 1-Special equal to or greater than 15 percent, as provided for in subdivision (v)(xxiv)(a) of U.S. note 2 to this subchapter."
South Korea,south-korea,9903.02.80,,15%,"ended 2026-02-20 (IEEPA tariffs terminated, Executive Order 14389)","Except for products described in headings 9903.01.30–9903.01.33, 9903.02.78, and 9903.02.81, and except as provided for in headings 9903.01.34, 9903.02.01, articles the product of South Korea, with an ad valorem (or ad valorem equivalent) rate of duty under column 1-General or column 1-Special less than 15 percent, as provided for in subdivision (v)(xxiv)(a) of U.S. note 2 to this subchapter."
South Korea,south-korea,9903.05.70,,The duty provided in the applicable subheading,in force,"Except for products described in headings 9903.05.85–9903.05.92, articles the product of South Korea, with an ad valorem (or ad valorem equivalent) rate of duty under column 1 equal to or greater than 12.5 percent, as provided for in U.S. note 52 to this subchapter"
South Korea,south-korea,9903.05.71,,12.5%,in force,"Except for products described in headings 9903.05.85–9903.05.92, articles the product of South Korea, with an ad valorem (or ad valorem equivalent) rate of duty under column 1 less than 12.5 percent, as provided for in U.S. note 52 to this subchapter"
South Korea,south-korea,9903.76.23,,15%,in force,Wood products of South Korea as provided for in subdivisions (d) and (f) of U.S. note 37 of this subchapter
South Korea,south-korea,9903.94.60,,The duty provided in the applicable subheading,in force,"Passenger vehicles and light trucks that are products of South Korea as specified in subdivision (s) of U.S. note 33 to this subchapter, with an ad valorem (or ad valorem equivalent as provided for in subdivision (m) of U.S. note 33 to this subchapter) rate of duty under column 1-General or column 1-Special equal to or greater than 15 percent"
South Korea,south-korea,9903.94.61,,15%,in force,"Passenger vehicles and light trucks that are products of South Korea as specified in subdivision (s) of U.S. note 33 to this subchapter, with an ad valorem (or ad valorem equivalent as provided for in subdivision (m) of U.S. note 33 to this subchapter) rate of duty under column 1-General or column 1-Special less than 15 percent"
South Korea,south-korea,9903.94.62,,The duty provided in the applicable subheading,in force,"Parts of passenger vehicles and light trucks that are products of South Korea as specified in subdivisions (g) and (t) of U.S. note 33 to this subchapter, with an ad valorem (or ad valorem equivalent as provided for in subdivision (m) of U.S. note 33 to this subchapter) rate of duty under column 1-General or column 1-Special equal to or greater than 15 percent"
South Korea,south-korea,9903.94.63,,15%,in force,"Parts of passenger vehicles and light trucks that are products of South Korea as specified in subdivisions (g) and (t) of U.S. note 33 to this subchapter, with an ad valorem (or ad valorem equivalent as provided for in subdivision (m) of U.S. note 33 to this subchapter) rate of duty under column 1-General or column 1-Special less than 15 percent"
South Korea,south-korea,9903.94.64,,The duty provided in the applicable subheading,in force,"Parts of passenger vehicles and light trucks that are products of South Korea as specified in subdivisions (r) and (t) of U.S. note 33 to this subchapter, with an ad valorem (or ad valorem equivalent as provided for in subdivision (m) of U.S. note 33 to this subchapter) rate of duty under column 1-General or column 1-Special equal to or greater than 15 percent"
South Korea,south-korea,9903.94.65,,15%,in force,"Parts of passenger vehicles and light trucks that are products of South Korea as specified in subdivisions (r) and (t) of U.S. note 33 to this subchapter, with an ad valorem (or ad valorem equivalent as provided for in subdivision (m) of U.S. note 33 to this subchapter) rate of duty under column 1-General or column 1-Special less than 15 percent"
Sri Lanka,sri-lanka,9903.02.57,20,The duty provided in the applicable subheading + 20%,"ended 2026-02-20 (IEEPA tariffs terminated, Executive Order 14389)","Except for goods loaded onto a vessel at the port of loading and in transit on the final mode of transit before 12:01 a.m. eastern daylight time on August 7, 2025, and entered for consumption or withdrawn from warehouse for consumption before 12:01 a.m. eastern daylight time on October 5, 2025, except for products described in headings 9903.01.30-9903.01.33 and 9903.02.78, and except as provided for in headings 9903.01.34 and 9903.02.01, articles the product of Sri Lanka, as provided for in subdivision (v) of U.S. note 2 to this subchapter"
Sri Lanka,sri-lanka,9903.05.72,10,The duty provided in the applicable subheading + 10%,in force,"Except for products described in headings 9903.05.85–9903.05.92, articles the product of Sri Lanka, as provided for in U.S. note 52 to this subchapter"
Switzerland,switzerland,9903.02.58,39,The duty provided in the applicable subheading + 39%,"ended 2026-02-20 (IEEPA tariffs terminated, Executive Order 14389)","Except for goods loaded onto a vessel at the port of loading and in transit on the final mode of transit before 12:01 a.m. eastern daylight time on August 7, 2025, and entered for consumption or withdrawn from warehouse for consumption before 12:01 a.m. eastern daylight time on October 5, 2025, except for products described in headings 9903.01.30-9903.01.33 and 9903.02.78, and except as provided for in headings 9903.01.34 and 9903.02.01, articles the product of Switzerland, as provided for in subdivision (v) of U.S. note 2 to this subchapter [Compiler's note: provision terminated. See 90 Fed. Reg. 59281.]"
Switzerland,switzerland,9903.02.82,,The duty provided in the applicable subheading,"ended 2026-02-20 (IEEPA tariffs terminated, Executive Order 14389)","Except for products described in headings 9903.01.30–9903.01.33, 9903.02.78, and 9903.02.84–9903.02.86, and except as provided for in headings 9903.01.34 and 9903.02.01, articles the product of Switzerland, with an ad valorem (or ad valorem equivalent) rate of duty under column 1-General equal to or greater than 15 percent, as provided for in subdivision (v) of U.S. note 2 to this subchapter"
Switzerland,switzerland,9903.02.83,,15%,"ended 2026-02-20 (IEEPA tariffs terminated, Executive Order 14389)","Except for products described in headings 9903.01.30–9903.01.33, 9903.02.78, and 9903.02.84–9903.02.86, and except as provided for inheadings 9903.01.34 and 9903.02.01, articles the product of Switzerland, with an ad valorem (or ad valorem equivalent) rate of duty under column 1-General less than 15 percent, as provided for in subdivision (v) of U.S. note 2 to this subchapter"
Switzerland,switzerland,9903.02.84,,The duty provided in the applicable subheading,"ended 2026-02-20 (IEEPA tariffs terminated, Executive Order 14389)","Articles the product of Switzerland, as provided for in subdivision (v)(xxv)(b) of U.S. note 2 to this subchapter"
Switzerland,switzerland,9903.02.86,,The duty provided in the applicable subheading,"ended 2026-02-20 (IEEPA tariffs terminated, Executive Order 14389)","Articles the product of Switzerland that are non-patented articles for use in pharmaceutical applications, provided for in subdivision (v)(xxv)(d) of U.S. note 2 to this subchapter"
Switzerland,switzerland,9903.05.73,,The duty provided in the applicable subheading,in force,"Except for products described in headings 9903.05.85–9903.05.92 and 9903.05.98, articles the product of Switzerland, with an ad valorem (or ad valorem equivalent) rate of duty under column 1 equal to or greater than 12.5 percent, as provided for in U.S. note 52 to this subchapter ."
Switzerland,switzerland,9903.05.74,,12.5%,in force,"Except for products described in headings 9903.05.85–9903.05.92 and 9903.05.98, articles the product of Switzerland, with an ad valorem (or ad valorem equivalent) rate of duty under column 1 less than 12.5 percent, as provided for in U.S. note 52 to this subchapter"
Switzerland,switzerland,9903.05.98,,The duty provided in the applicable subheading,in force,"Articles the product of Switzerland, as provided for in subdivision (j)(3) of U.S. note 52 to this subchapter"
Syria,syria,9903.01.70,41,The duty provided in the applicable subheading + 41%,"ended 2026-02-20 (IEEPA tariffs terminated, Executive Order 14389)","Except for goods loaded onto a vessel at the port of loading and in transit on the final mode of transit before 12:01 a.m. eastern daylight time on April 9, 2025, except for products described in headings 9903.01.28-9903.01.33, and except as provided for in heading 9903.01.34, articles the product of Falkland Islands or Syria, as provided for in subdivision (v) of U.S. note 2 to this subchapter [Compiler's note: provision terminated. See 90 Fed. Reg. 37963.]"
Syria,syria,9903.02.59,41,The duty provided in the applicable subheading + 41%,"ended 2026-02-20 (IEEPA tariffs terminated, Executive Order 14389)","Except for goods loaded onto a vessel at the port of loading and in transit on the final mode of transit before 12:01 a.m. eastern daylight time on August 7, 2025, and entered for consumption or withdrawn from warehouse for consumption before 12:01 a.m. eastern daylight time on October 5, 2025, except for products described in headings 9903.01.30-9903.01.33 and 9903.02.78, and except as provided for in headings 9903.01.34 and 9903.02.01, articles the product of Syria, as provided for in subdivision (v) of U.S. note 2 to this subchapter"
Taiwan,taiwan,9903.02.60,20,The duty provided in the applicable subheading + 20%,"ended 2026-02-20 (IEEPA tariffs terminated, Executive Order 14389)","Except for goods loaded onto a vessel at the port of loading and in transit on the final mode of transit before 12:01 a.m. eastern daylight time on August 7, 2025, and entered for consumption or withdrawn from warehouse for consumption before 12:01 a.m. eastern daylight time on October 5, 2025, except for products described in headings 9903.01.30-9903.01.33 and 9903.02.78, and except as provided for in headings 9903.01.34 and 9903.02.01, articles the product of Taiwan, as provided for in subdivision (v) of U.S. note 2 to this subchapter"
Taiwan,taiwan,9903.05.75,,The duty provided in the applicable subheading,in force,"Except for products described in headings 9903.05.85–9903.05.92 and 9903.06.14–9903.06.15, articles the product of Taiwan, with an ad valorem (or ad valorem equivalent) rate of duty under column 1 equal to or greater than 10 percent, as provided for in U.S. note 52 to this subchapter"
Taiwan,taiwan,9903.05.76,,10%,in force,"Except for products described in headings 9903.05.85–9903.05.92 and 9903.06.14–9903.06.15, articles the product of Taiwan, with an ad valorem (or ad valorem equivalent) rate of duty under column 1 less than 10 percent, as provided for in U.S. note 52 to this subchapter"
Taiwan,taiwan,9903.06.14,,The duty provided in the applicable subheading,in force,"Articles the product of Taiwan, as provided for in subdivision (j)(10)(i) of U.S. note 52 to this subchapter"
Taiwan,taiwan,9903.06.15,,The duty provided in the applicable subheading,in force,"Articles the product of Taiwan, as provided for in subdivision (j)(10)(ii) of U.S. note 52 to this subchapter"
Taiwan,taiwan,9903.76.24,,15%,in force,Wood products of Taiwan as provided for in subdivisions (d) and (f) of U.S. note 37 of this subchapter
Taiwan,taiwan,9903.94.66,,No change,in force,"Parts of passenger vehicles and light trucks that are products of Taiwan as provided for in subdivisions (g) and (u) of U.S. note 33 to this subchapter, with an ad valorem (or ad valorem equivalent as provided for in subdivision (m) of U.S. note 33 to this subchapter) rate of duty under column 1-General or column 1-Special equal to or greater than 15 percent"
Taiwan,taiwan,9903.94.67,,15%,in force,"Parts of passenger vehicles and light trucks that are products of Taiwan as provided for in subdivisions (g) and (u) of U.S. note 33 to this subchapter, with an ad valorem (or ad valorem equivalent as provided for in subdivision (m) of U.S. note 33 to this subchapter) rate of duty under column 1-General or column 1-Special less than 15 percent"
Taiwan,taiwan,9903.94.68,,No change,in force,"Parts of passenger vehicles and light trucks that are products of Taiwan as specified in subdivisions (r) and (u) of U.S. note 33 to this subchapter, with an ad valorem (or ad valorem equivalent as provided for in subdivision (m) of U.S. note 33 to this subchapter) rate of duty under column 1-General or column 1-Special equal to or greater than 15 percent"
Taiwan,taiwan,9903.94.69,,15%,in force,"Parts of passenger vehicles and light trucks that are products of Taiwan as provided for in subdivisions (r) and (u) of U.S. note 33 to this subchapter, with an ad valorem (or ad valorem equivalent as provided for in subdivision (m) of U.S. note 33 to this subchapter) rate of duty under column 1-General or column 1-Special less than 15 percent"
Taiwan,taiwan,9903.96.03,,No change,in force,"Civil aircraft (all aircraft other than military aircraft and unmanned aircraft) components that are products of Taiwan, provided for in subdivision (c) of U.S. note 35 to this subchapter"
Thailand,thailand,9903.01.65,36,The duty provided in the applicable subheading + 36%,"ended 2026-02-20 (IEEPA tariffs terminated, Executive Order 14389)","Except for goods loaded onto a vessel at the port of loading and in transit on the final mode of transit before 12:01 a.m. eastern daylight time on April 9, 2025, except for products described in headings 9903.01.28-9903.01.33, and except as provided for in heading 9903.01.34, articles the product of Thailand, as provided for in subdivision (v) of U.S. note 2 to this subchapter [Compiler's note: provision terminated. See 90 Fed. Reg. 37963.]"
Thailand,thailand,9903.02.61,19,The duty provided in the applicable subheading + 19%,"ended 2026-02-20 (IEEPA tariffs terminated, Executive Order 14389)","Except for goods loaded onto a vessel at the port of loading and in transit on the final mode of transit before 12:01 a.m. eastern daylight time on August 7, 2025, and entered for consumption or withdrawn from warehouse for consumption before 12:01 a.m. eastern daylight time on October 5, 2025, except for products described in headings 9903.01.30-9903.01.33 and 9903.02.78, and except as provided for in headings 9903.01.34 and 9903.02.01, articles the product of Thailand, as provided for in subdivision (v) of U.S. note 2 to this subchapter"
Thailand,thailand,9903.05.77,12.5,The duty provided in the applicable subheading + 12.5%,in force,"Except for products described in headings 9903.05.85–9903.05.92, articles the product of Thailand, as provided for in U.S. note 52 to this subchapter"
Trinidad and Tobago,trinidad-and-tobago,9903.02.62,15,The duty provided in the applicable subheading + 15%,"ended 2026-02-20 (IEEPA tariffs terminated, Executive Order 14389)","Except for goods loaded onto a vessel at the port of loading and in transit on the final mode of transit before 12:01 a.m. eastern daylight time on August 7, 2025, and entered for consumption or withdrawn from warehouse for consumption before 12:01 a.m. eastern daylight time on October 5, 2025, except for products described in headings 9903.01.30-9903.01.33 and 9903.02.78, and except as provided for in headings 9903.01.34 and 9903.02.01, articles the product of Trinidad and Tobago, as provided for in subdivision (v) of U.S. note 2 to this subchapter"
Trinidad and Tobago,trinidad-and-tobago,9903.05.78,10,The duty provided in the applicable subheading + 10%,in force,"Except for products described in headings 9903.05.85–9903.05.92, articles the product of Trinidad and Tobago, as provided for in U.S. note 52 to this subchapter"
Tunisia,tunisia,9903.01.57,28,The duty provided in the applicable subheading + 28%,"ended 2026-02-20 (IEEPA tariffs terminated, Executive Order 14389)","Except for goods loaded onto a vessel at the port of loading and in transit on the final mode of transit before 12:01 a.m. eastern daylight time on April 9, 2025, except for products described in headings 9903.01.28-9903.01.33, and except as provided for in heading 9903.01.34, articles the product of Tunisia, as provided for in subdivision (v) of U.S. note 2 to this subchapter [Compiler's note: provision terminated. See 90 Fed. Reg. 37963.]"
Tunisia,tunisia,9903.02.63,25,The duty provided in the applicable subheading + 25%,"ended 2026-02-20 (IEEPA tariffs terminated, Executive Order 14389)","Except for goods loaded onto a vessel at the port of loading and in transit on the final mode of transit before 12:01 a.m. eastern daylight time on August 7, 2025, and entered for consumption or withdrawn from warehouse for consumption before 12:01 a.m. eastern daylight time on October 5, 2025, except for products described in headings 9903.01.30-9903.01.33 and 9903.02.78, and except as provided for in headings 9903.01.34 and 9903.02.01, articles the product of Tunisia, as provided for in subdivision (v) of U.S. note 2 to this subchapter"
Turkey,turkey,9903.02.64,15,The duty provided in the applicable subheading + 15%,"ended 2026-02-20 (IEEPA tariffs terminated, Executive Order 14389)","Except for goods loaded onto a vessel at the port of loading and in transit on the final mode of transit before 12:01 a.m. eastern daylight time on August 7, 2025, and entered for consumption or withdrawn from warehouse for consumption before 12:01 a.m. eastern daylight time on October 5, 2025, except for products described in headings 9903.01.30-9903.01.33 and 9903.02.78, and except as provided for in headings 9903.01.34 and 9903.02.01, articles the product of Turkey, as provided for in subdivision (v) of U.S. note 2 to this subchapter"
Uganda,uganda,9903.02.65,15,The duty provided in the applicable subheading + 15%,"ended 2026-02-20 (IEEPA tariffs terminated, Executive Order 14389)","Except for goods loaded onto a vessel at the port of loading and in transit on the final mode of transit before 12:01 a.m. eastern daylight time on August 7, 2025, and entered for consumption or withdrawn from warehouse for consumption before 12:01 a.m. eastern daylight time on October 5, 2025, except for products described in headings 9903.01.30-9903.01.33 and 9903.02.78, and except as provided for in headings 9903.01.34 and 9903.02.01, articles the product of Uganda, as provided for in subdivision (v) of U.S. note 2 to this subchapter"
United Arab Emirates,united-arab-emirates,9903.05.80,12.5,The duty provided in the applicable subheading + 12.5%,in force,"Except for products described in headings 9903.05.85–9903.05.92, articles the product of the United Arab Emirates, as provided for in U.S. note 52 to this subchapter"
United Kingdom,united-kingdom,9903.82.04,25,The duty provided in the applicable subheading + 25%,in force,"Articles of aluminum or of steel and derivative aluminum or steel articles the product of the United Kingdom, as provided for in subdivisions (c)(i)–(iv) and (d) of U.S. note 16 to this subchapter"
United Kingdom,united-kingdom,9903.82.05,15,The duty provided in the applicable subheading + 15%,in force,"Derivative aluminum or steel articles the product of the United Kingdom, as provided for in subdivisions (c)(vi)–(vii) and (d) of U.S. note 16 to this subchapter"
United Kingdom,united-kingdom,9903.02.66,10,The duty provided in the applicable subheading + 10%,"ended 2026-02-20 (IEEPA tariffs terminated, Executive Order 14389)","Except for goods loaded onto a vessel at the port of loading and in transit on the final mode of transit before 12:01 a.m. eastern daylight time on August 7, 2025, and entered for consumption or withdrawn from warehouse for consumption before 12:01 a.m. eastern daylight time on October 5, 2025, except for products described in headings 9903.01.30-9903.01.33 and 9903.02.78, and except as provided for in headings 9903.01.34, 9903.02.01, and 9903.96.01, articles the product of the United Kingdom, as provided for in subdivision (v) of U.S. note 2 to this subchapter"
United Kingdom,united-kingdom,9903.05.81,10,The duty provided in the applicable subheading + 10%,in force,"Except for products described in headings 9903.05.85–9903.05.92 and 9903.05.96, articles the product of the United Kingdom, as provided for in U.S. note 52 to this subchapter"
United Kingdom,united-kingdom,9903.08.23,10,The duty provided in the applicable subheading + 10%,in force,"Unmanned aircraft, their parts and components that are the product of the United Kingdom, as provided for in subdivisions (d) of U.S. note 43 to this subchapter"
United Kingdom,united-kingdom,9903.76.20,10,The duty provided in the applicable subheading + 10%,in force,Wood products of the United Kingdom as provided for in subdivisions (d) and (f) of U.S. note 37 of this subchapter
United Kingdom,united-kingdom,9903.94.31,7.5,The duty provided in the applicable subheading + 7.5%,in force,"Effective with respect to entries on or after June 30, 2025, passenger vehicles that are products of the United Kingdom as specified in subdivision (i) of U.S. note 33 to this subchapter, when entered under the terms of subdivision (i) of U.S. note 33 to this subchapter."
United Kingdom,united-kingdom,9903.04.63,0,The duty provided in the applicable subheading +0%,in force,Patented pharmaceutical articles that are the product of the United Kingdom as defined in subdivisions (c) and (g) of U.S. note 40 to this subchapter
United Kingdom,united-kingdom,9903.05.96,,The duty provided in the applicable subheading,in force,"Articles the product of the United Kingdom, as provided for in subdivision (j)(1) of U.S. note 52 to this subchapter"
United Kingdom,united-kingdom,9903.94.33,,10%,in force,Automobile parts the product of the United Kingdom as provided for in subdivision (q) of U.S. note 33 to this subchapter.
Uruguay,uruguay,9903.05.82,12.5,The duty provided in the applicable subheading + 12.5%,in force,"Except for products described in headings 9903.05.85–9903.05.92, articles the product of Uruguay, as provided for in U.S. note 52 to this subchapter"
Vanuatu,vanuatu,9903.01.52,22,The duty provided in the applicable subheading + 22%,"ended 2026-02-20 (IEEPA tariffs terminated, Executive Order 14389)","Except for goods loaded onto a vessel at the port of loading and in transit on the final mode of transit before 12:01 a.m. eastern daylight time on April 9, 2025, except for products described in headings 9903.01.28-9903.01.33, and except as provided for in heading 9903.01.34, articles the product of Vanuatu, as provided for in subdivision (v) of U.S. note 2 to this subchapter [Compiler's note: provision terminated. See 90 Fed. Reg. 37963.]"
Vanuatu,vanuatu,9903.02.67,15,The duty provided in the applicable subheading + 15%,"ended 2026-02-20 (IEEPA tariffs terminated, Executive Order 14389)","Except for goods loaded onto a vessel at the port of loading and in transit on the final mode of transit before 12:01 a.m. eastern daylight time on August 7, 2025, and entered for consumption or withdrawn from warehouse for consumption before 12:01 a.m. eastern daylight time on October 5, 2025, except for products described in headings 9903.01.30-9903.01.33 and 9903.02.78, and except as provided for in headings 9903.01.34 and 9903.02.01, articles the product of Vanuatu, as provided for in subdivision (v) of U.S. note 2 to this subchapter"
Venezuela,venezuela,9903.01.46,15,The duty provided in the applicable subheading + 15%,"ended 2026-02-20 (IEEPA tariffs terminated, Executive Order 14389)","Except for goods loaded onto a vessel at the port of loading and in transit on the final mode of transit before 12:01 a.m. eastern daylight time on April 9, 2025, except for products described in headings 9903.01.28-9903.01.33, and except as provided for in heading 9903.01.34, articles the product of Norway or Venezuela, as provided for in subdivision (v) of U.S. note 2 to this subchapter [Compiler's note: provision terminated. See 90 Fed. Reg. 37963.]"
Venezuela,venezuela,9903.02.68,15,The duty provided in the applicable subheading + 15%,"ended 2026-02-20 (IEEPA tariffs terminated, Executive Order 14389)","Except for goods loaded onto a vessel at the port of loading and in transit on the final mode of transit before 12:01 a.m. eastern daylight time on August 7, 2025, and entered for consumption or withdrawn from warehouse for consumption before 12:01 a.m. eastern daylight time on October 5, 2025, except for products described in headings 9903.01.30-9903.01.33 and 9903.02.78, and except as provided for in headings 9903.01.34 and 9903.02.01, articles the product of Venezuela, as provided for in subdivision (v) of U.S. note 2 to this subchapter"
Venezuela,venezuela,9903.05.83,12.5,The duty provided in the applicable subheading + 12.5%,in force,"Except for products described in headings 9903.05.85–9903.05.92, articles the product of Venezuela, as provided for in U.S. note 52 to this subchapter"
Vietnam,vietnam,9903.01.72,46,The duty provided in the applicable subheading + 46%,"ended 2026-02-20 (IEEPA tariffs terminated, Executive Order 14389)","Except for goods loaded onto a vessel at the port of loading and in transit on the final mode of transit before 12:01 a.m. eastern daylight time on April 9, 2025, except for products described in headings 9903.01.28-9903.01.33, and except as provided for in heading 9903.01.34, articles the product of Vietnam, as provided for in subdivision (v) of U.S. note 2 to this subchapter [Compiler's note: provision terminated. See 90 Fed. Reg. 37963.]"
Vietnam,vietnam,9903.02.69,20,The duty provided in the applicable subheading + 20%,"ended 2026-02-20 (IEEPA tariffs terminated, Executive Order 14389)","Except for goods loaded onto a vessel at the port of loading and in transit on the final mode of transit before 12:01 a.m. eastern daylight time on August 7, 2025, and entered for consumption or withdrawn from warehouse for consumption before 12:01 a.m. eastern daylight time on October 5, 2025, except for products described in headings 9903.01.30-9903.01.33 and 9903.02.78, and except as provided for in headings 9903.01.34 and 9903.02.01, articles the product of Vietnam, as provided for in subdivision (v) of U.S. note 2 to this subchapter"
Vietnam,vietnam,9903.05.84,12.5,The duty provided in the applicable subheading + 12.5%,in force,"Except for products described in headings 9903.05.85–9903.05.92, articles the product of Vietnam, as provided for in U.S. note 52 to this subchapter"
Zambia,zambia,9903.02.70,15,The duty provided in the applicable subheading + 15%,"ended 2026-02-20 (IEEPA tariffs terminated, Executive Order 14389)","Except for goods loaded onto a vessel at the port of loading and in transit on the final mode of transit before 12:01 a.m. eastern daylight time on August 7, 2025, and entered for consumption or withdrawn from warehouse for consumption before 12:01 a.m. eastern daylight time on October 5, 2025, except for products described in headings 9903.01.30-9903.01.33 and 9903.02.78, and except as provided for in headings 9903.01.34 and 9903.02.01, articles the product of Zambia, as provided for in subdivision (v) of U.S. note 2 to this subchapter"
Zimbabwe,zimbabwe,9903.01.49,18,The duty provided in the applicable subheading + 18%,"ended 2026-02-20 (IEEPA tariffs terminated, Executive Order 14389)","Except for goods loaded onto a vessel at the port of loading and in transit on the final mode of transit before 12:01 a.m. eastern daylight time on April 9, 2025, except for products described in headings 9903.01.28-9903.01.33, and except as provided for in heading 9903.01.34, articles the product of Nicaragua or Zimbabwe, as provided for in subdivision (v) of U.S. note 2 to this subchapter [Compiler's note: provision terminated. See 90 Fed. Reg. 37963.]"
Zimbabwe,zimbabwe,9903.02.71,15,The duty provided in the applicable subheading + 15%,"ended 2026-02-20 (IEEPA tariffs terminated, Executive Order 14389)","Except for goods loaded onto a vessel at the port of loading and in transit on the final mode of transit before 12:01 a.m. eastern daylight time on August 7, 2025, and entered for consumption or withdrawn from warehouse for consumption before 12:01 a.m. eastern daylight time on October 5, 2025, except for products described in headings 9903.01.30-9903.01.33 and 9903.02.78, and except as provided for in headings 9903.01.34 and 9903.02.01, articles the product of Zimbabwe, as provided for in subdivision (v) of U.S. note 2 to this subchapter"
